0;2.47;0;0;275.28;ltr;false;false;false
90;2.47;0;0;275.28;ltr;false;false;false
810;1.49;0;0;275.56;ltr;false;false;false
900;1.49;0;0;275.56;ltr;false;false;false
1710;4.01;0;0;275.84;ltr;false;false;false
1800;4.01;0;0;275.84;ltr;false;false;false
2610;1.83;0;0;275.95;ltr;false;false;false
2700;1.83;0;0;275.95;ltr;false;false;false
3510;0.72;0;0;276.07;ltr;false;false;false
3600;0.72;0;0;276.07;ltr;false;false;false
4410;1.57;0;0;276.18;ltr;false;false;false
4500;1.57;0;0;276.18;ltr;false;false;false
5310;-3.52;0;0;276.29;rtl;false;true;false
5400;-3.52;0;0;276.29;rtl;false;true;false
6210;2.6;0;0;276.38;ltr;false;true;false
6300;2.6;0;0;276.38;ltr;false;true;false
7110;2.27;0;0;276.46;ltr;false;false;false
7200;2.27;0;0;276.46;ltr;false;false;false
8010;1.34;0;0;276.55;ltr;false;false;false
8100;1.34;0;0;276.55;ltr;false;false;false
8910;1.41;0;0;276.64;ltr;false;false;false
9000;1.41;0;0;276.64;ltr;false;false;false
9810;1.71;0;0;276.68;ltr;false;false;false
9900;1.71;0;0;276.68;ltr;false;false;false
10710;0.57;0;0;276.73;ltr;false;false;false
10800;0.57;0;0;276.73;ltr;false;false;false
11610;-0.14;0;0;276.77;rtl;false;true;false
11700;-0.14;0;0;276.77;rtl;false;true;false
12510;-0.27;0;0;276.82;rtl;false;false;false
12600;-0.27;0;0;276.82;rtl;false;false;false
13410;-0.6;0;0;276.82;rtl;false;false;false
13500;-0.6;0;0;276.82;rtl;false;false;false
14310;-1.16;0;0;276.82;rtl;false;false;false
14400;-1.16;0;0;276.82;rtl;false;false;false
15210;2.4;0;0;276.82;ltr;false;true;false
15300;2.4;0;0;276.82;ltr;false;true;false
16110;4.87;0;0;276.82;ltr;false;false;false
16200;4.87;0;0;276.82;ltr;false;false;false
17010;4.29;0;0;276.64;ltr;false;false;false
17100;4.29;0;0;276.64;ltr;false;false;false
17910;3.95;0;0;276.45;ltr;false;false;false
18000;3.95;0;0;276.45;ltr;false;false;false
18810;4.53;0;0;276.26;ltr;false;false;false
18900;4.53;0;0;276.26;ltr;false;false;false
19710;-1.35;0;0;276.08;rtl;false;true;false
19800;-1.35;0;0;276.08;rtl;false;true;false
20610;-4.49;0;0;276.09;rtl;false;false;false
20700;-4.49;0;0;276.09;rtl;false;false;false
21510;-6.15;0;0;276.11;rtl;false;false;false
21600;-6.15;0;0;276.11;rtl;false;false;false
22410;-7.37;0;0;276.12;rtl;false;false;false
22500;-7.37;0;0;276.12;rtl;false;false;false
23310;6.22;0;0;276.13;ltr;false;true;false
23400;6.22;0;0;276.13;ltr;false;true;false
24210;7.85;0;0;276.27;ltr;false;false;false
24300;7.85;0;0;276.27;ltr;false;false;false
25110;-5.35;0;0;276.4;rtl;false;true;false
25200;-5.35;0;0;276.4;rtl;false;true;false
26010;-6.71;0;0;276.53;rtl;false;false;false
26100;-6.71;0;0;276.53;rtl;false;false;false
26910;-8.31;0;0;276.66;rtl;false;false;false
27000;-8.31;0;0;276.66;rtl;false;false;false
27810;-9.26;0;0;276.82;rtl;false;false;false
27900;-9.26;0;0;276.82;rtl;false;false;false
28710;-8.83;0;0;276.98;rtl;false;false;false
28800;-8.83;0;0;276.98;rtl;false;false;false
29610;-1.15;0;0;277.13;rtl;false;false;false
29700;-1.15;0;0;277.13;rtl;false;false;false
30510;-4.56;0;0;277.29;rtl;false;true;false
30600;-4.56;0;0;277.29;rtl;false;true;false
31410;-13.51;0;0;277.38;rtl;false;false;false
31500;-13.51;0;0;277.38;rtl;false;false;false
32310;-14.04;0;0;277.47;rtl;false;false;false
32400;-14.04;0;0;277.47;rtl;false;false;false
33210;-13.43;0;0;277.56;rtl;false;false;false
33300;-13.43;0;0;277.56;rtl;false;false;false
34110;-14.84;0;0;277.66;rtl;false;false;false
34200;-14.84;0;0;277.66;rtl;false;false;false
35010;11.22;0;0;277.39;ltr;false;true;false
35100;11.22;0;0;277.39;ltr;false;true;false
35910;-12.5;0;0;277.13;rtl;false;true;false
36000;-12.5;0;0;277.13;rtl;false;true;false
36810;-18.63;0;0;276.87;rtl;false;false;false
36900;-18.63;0;0;276.87;rtl;false;false;false
37710;-18.02;0;0;276.61;rtl;false;false;false
37800;-18.02;0;0;276.61;rtl;false;false;false
38610;-22.08;0;0;276.36;rtl;false;false;false
38700;-22.08;0;0;276.36;rtl;false;false;false
39510;-22.12;0;0;276.12;rtl;false;false;false
39600;-22.12;0;0;276.12;rtl;false;false;false
40410;-10.9;0;0;275.87;rtl;false;false;false
40500;-10.9;0;0;275.87;rtl;false;false;false
41310;-20.57;0;0;275.63;rtl;false;false;false
41400;-20.57;0;0;275.63;rtl;false;false;false
42210;-20.92;0;0;275.75;rtl;false;false;false
42300;-20.92;0;0;275.75;rtl;false;false;false
43110;-22.35;0;0;275.88;rtl;false;false;false
43200;-22.35;0;0;275.88;rtl;false;false;false
44010;-22.88;0;0;276.01;rtl;false;false;false
44100;-22.88;0;0;276.01;rtl;false;false;false
44910;-21.24;0;0;276.13;rtl;false;false;false
45000;-21.24;0;0;276.13;rtl;false;false;false
45810;-20.45;0;0;276.46;rtl;false;false;false
45900;-20.45;0;0;276.46;rtl;false;false;false
46710;-20.3;0;0;276.79;rtl;false;false;false
46800;-20.3;0;0;276.79;rtl;false;false;false
47610;-20.68;0;0;277.12;rtl;false;false;false
47700;-20.68;0;0;277.12;rtl;false;false;false
48510;-1.24;0;0;277.45;rtl;false;false;false
48600;-1.24;0;0;277.45;rtl;false;false;false
49410;-19.08;0;0;277.66;rtl;false;true;false
49500;-19.08;0;0;277.66;rtl;false;true;false
50310;-21.39;0;0;277.88;rtl;false;false;false
50400;-21.39;0;0;277.88;rtl;false;false;false
51210;-21.54;0;0;278.09;rtl;false;false;false
51300;-21.54;0;0;278.09;rtl;false;false;false
52110;-19.89;0;0;278.3;rtl;false;false;false
52200;-19.89;0;0;278.3;rtl;false;false;false
53010;19.85;0;0;278.47;ltr;false;true;false
53100;19.85;0;0;278.47;ltr;false;true;false
53910;20.27;0;0;278.64;ltr;false;false;false
54000;20.27;0;0;278.64;ltr;false;false;false
54810;6.98;0;0;278.8;ltr;false;false;false
54900;6.98;0;0;278.8;ltr;false;false;false
55710;-17.89;0;0;278.97;rtl;false;true;false
55800;-17.89;0;0;278.97;rtl;false;true;false
56610;13.05;0;0;279.14;ltr;false;true;false
56700;13.05;0;0;279.14;ltr;false;true;false
57510;-1.34;0;0;279.3;rtl;false;true;false
57600;-1.34;0;0;279.3;rtl;false;true;false
58410;-11.17;0;0;279.47;rtl;false;true;false
58500;-11.17;0;0;279.47;rtl;false;true;false
59310;-14.89;0;0;279.63;rtl;false;false;false
59400;-14.89;0;0;279.63;rtl;false;false;false
60210;-11.71;0;0;279.61;rtl;false;false;false
60300;-11.71;0;0;279.61;rtl;false;false;false
61110;13.29;0;0;279.6;ltr;false;true;false
61200;13.29;0;0;279.6;ltr;false;true;false
62010;0.27;0;0;279.58;ltr;false;false;false
62100;0.27;0;0;279.58;ltr;false;false;false
62910;3.68;0;0;279.56;ltr;false;true;false
63000;3.68;0;0;279.56;ltr;false;true;false
63810;-3.88;0;0;279.35;rtl;false;true;false
63900;-3.88;0;0;279.35;rtl;false;true;false
64710;4.58;0;0;279.15;ltr;false;true;false
64800;4.58;0;0;279.15;ltr;false;true;false
65610;6.36;0;0;278.95;ltr;false;false;false
65700;6.36;0;0;278.95;ltr;false;false;false
66510;6.8;0;0;278.74;ltr;false;false;false
66600;6.8;0;0;278.74;ltr;false;false;false
67410;5.59;0;0;278.33;ltr;false;false;false
67500;5.59;0;0;278.33;ltr;false;false;false
68310;4.7;0;0;277.91;ltr;false;false;false
68400;4.7;0;0;277.91;ltr;false;false;false
69210;-6.07;0;0;277.5;rtl;false;true;false
69300;-6.07;0;0;277.5;rtl;false;true;false
70110;2.08;0;0;277.08;ltr;false;true;false
70200;2.08;0;0;277.08;ltr;false;true;false
71010;3.48;0;0;277.33;ltr;false;false;false
71100;3.48;0;0;277.33;ltr;false;false;false
71910;6.11;0;0;277.58;ltr;false;false;false
72000;6.11;0;0;277.58;ltr;false;false;false
72810;-8.79;0;0;277.82;rtl;false;true;false
72900;-8.79;0;0;277.82;rtl;false;true;false
73710;8.59;0;0;278.07;ltr;false;true;false
73800;8.59;0;0;278.07;ltr;false;true;false
74610;8.99;0;0;278.14;ltr;false;false;false
74700;8.99;0;0;278.14;ltr;false;false;false
75510;7.02;0;0;278.2;ltr;false;false;false
75600;7.02;0;0;278.2;ltr;false;false;false
76410;6.47;0;0;278.26;ltr;false;false;false
76500;6.47;0;0;278.26;ltr;false;false;false
77310;-5.36;0;0;278.33;rtl;false;true;false
77400;-5.36;0;0;278.33;rtl;false;true;false
78210;-0.98;0;0;278.41;rtl;false;false;false
78300;-0.98;0;0;278.41;rtl;false;false;false
79110;-7.64;0;0;278.5;rtl;false;false;false
79200;-7.64;0;0;278.5;rtl;false;false;false
80010;9.65;0;0;278.58;ltr;false;true;false
80100;9.65;0;0;278.58;ltr;false;true;false
80910;9.22;0;0;278.66;ltr;false;false;false
81000;9.22;0;0;278.66;ltr;false;false;false
81810;5.74;0;0;278.7;ltr;false;false;false
81900;5.74;0;0;278.7;ltr;false;false;false
82710;5.56;0;0;278.73;ltr;false;false;false
82800;5.56;0;0;278.73;ltr;false;false;false
83610;-8.69;0;0;278.76;rtl;false;true;false
83700;-8.69;0;0;278.76;rtl;false;true;false
84510;-3.86;0;0;278.79;rtl;false;false;false
84600;-3.86;0;0;278.79;rtl;false;false;false
85410;-4.89;0;0;278.88;rtl;false;false;false
85500;-4.89;0;0;278.88;rtl;false;false;false
86310;2.54;0;0;278.97;ltr;false;true;false
86400;2.54;0;0;278.97;ltr;false;true;false
87210;-1.05;0;0;279.06;rtl;false;true;false
87300;-1.05;0;0;279.06;rtl;false;true;false
88110;-5.82;0;0;279.15;rtl;false;true;false
88200;-5.82;0;0;279.15;rtl;false;true;false
89010;-2.85;0;0;279.16;rtl;false;false;false
89100;-2.85;0;0;279.16;rtl;false;false;false
89910;4.89;0;0;279.18;ltr;false;true;false
90000;4.89;0;0;279.18;ltr;false;true;false
90810;-0.32;0;0;279.19;rtl;false;true;false
90900;-0.32;0;0;279.19;rtl;false;true;false
91710;-2.93;0;0;279.2;rtl;false;false;false
91800;-2.93;0;0;279.2;rtl;false;false;false
92610;4.98;0;0;279.23;ltr;false;true;false
92700;4.98;0;0;279.23;ltr;false;true;false
93510;3.51;0;0;279.26;ltr;false;false;false
93600;3.51;0;0;279.26;ltr;false;false;false
94410;-0.26;0;0;279.3;rtl;false;true;false
94500;-0.26;0;0;279.3;rtl;false;true;false
95310;3.46;0;0;279.33;ltr;false;true;false
95400;3.46;0;0;279.33;ltr;false;true;false
96210;1.09;0;0;279.22;ltr;false;false;false
96300;1.09;0;0;279.22;ltr;false;false;false
97110;7.8;0;0;279.11;ltr;false;true;false
97200;7.8;0;0;279.11;ltr;false;true;false
98010;1.6;0;0;279;ltr;false;false;false
98100;1.6;0;0;279;ltr;false;false;false
98910;6.07;0;0;278.9;ltr;false;true;false
99000;6.07;0;0;278.9;ltr;false;true;false
99810;-0.64;0;0;278.94;rtl;false;true;false
99900;-0.64;0;0;278.94;rtl;false;true;false
100710;0;0;0;278.98;ltr;false;true;true
100800;0;0;0;278.98;ltr;false;true;true
101610;-2.54;0;0;279.03;rtl;false;true;false
101700;-2.54;0;0;279.03;rtl;false;true;false
102510;4.48;0;0;279.07;ltr;false;true;false
102600;4.48;0;0;279.07;ltr;false;true;false
103410;3.33;0;0;278.98;ltr;false;false;false
103500;3.33;0;0;278.98;ltr;false;false;false
104310;9.18;0;0;278.88;ltr;false;false;false
104400;9.18;0;0;278.88;ltr;false;false;false
105210;1;0;0;278.79;ltr;false;false;false
105300;1;0;0;278.79;ltr;false;false;false
106110;9.18;0;0;278.69;ltr;false;true;false
106200;9.18;0;0;278.69;ltr;false;true;false
107010;8.71;0;0;278.62;ltr;false;false;false
107100;8.71;0;0;278.62;ltr;false;false;false
107910;6.02;0;0;278.56;ltr;false;false;false
108000;6.02;0;0;278.56;ltr;false;false;false
108810;-0.53;0;0;278.5;rtl;false;true;false
108900;-0.53;0;0;278.5;rtl;false;true;false
109710;-0.58;0;0;278.43;rtl;false;false;false
109800;-0.58;0;0;278.43;rtl;false;false;false
110610;-2.5;0;0;278.41;rtl;false;true;false
110700;-2.5;0;0;278.41;rtl;false;true;false
111510;-0.71;0;0;278.39;rtl;false;false;false
111600;-0.71;0;0;278.39;rtl;false;false;false
112410;-0.37;0;0;278.37;rtl;false;false;false
112500;-0.37;0;0;278.37;rtl;false;false;false
113310;-0.65;0;0;278.35;rtl;false;false;false
113400;-0.65;0;0;278.35;rtl;false;false;false
114210;-0.69;0;0;277.96;rtl;false;false;false
114300;-0.69;0;0;277.96;rtl;false;false;false
115110;3.53;0;0;277.56;ltr;false;true;false
115200;3.53;0;0;277.56;ltr;false;true;false
116010;8.31;0;0;277.16;ltr;false;false;false
116100;8.31;0;0;277.16;ltr;false;false;false
116910;-0.71;0;0;276.77;rtl;false;true;false
117000;-0.71;0;0;276.77;rtl;false;true;false
117810;0.87;0;0;276.94;ltr;false;true;false
117900;0.87;0;0;276.94;ltr;false;true;false
118710;4.49;0;0;277.11;ltr;false;true;false
118800;4.49;0;0;277.11;ltr;false;true;false
119610;-3.46;0;0;277.28;rtl;false;true;false
119700;-3.46;0;0;277.28;rtl;false;true;false
120510;-1.45;0;0;277.45;rtl;false;false;false
120600;-1.45;0;0;277.45;rtl;false;false;false
121410;6.49;0;0;277.44;ltr;false;true;false
121500;6.49;0;0;277.44;ltr;false;true;false
122310;-0.71;0;0;277.42;rtl;false;true;false
122400;-0.71;0;0;277.42;rtl;false;true;false
123210;-3.11;0;0;277.41;rtl;false;false;false
123300;-3.11;0;0;277.41;rtl;false;false;false
124110;-0.37;0;0;277.4;rtl;false;false;false
124200;-0.37;0;0;277.4;rtl;false;false;false
125010;-6.97;0;0;277.41;rtl;false;true;false
125100;-6.97;0;0;277.41;rtl;false;true;false
125910;-0.8;0;0;277.42;rtl;false;false;false
126000;-0.8;0;0;277.42;rtl;false;false;false
126810;6.15;0;0;277.44;ltr;false;true;false
126900;6.15;0;0;277.44;ltr;false;true;false
127710;2.57;0;0;277.45;ltr;false;false;false
127800;2.57;0;0;277.45;ltr;false;false;false
128610;-0.28;0;0;277.38;rtl;false;true;false
128700;-0.28;0;0;277.38;rtl;false;true;false
129510;-4.98;0;0;277.32;rtl;false;true;false
129600;-4.98;0;0;277.32;rtl;false;true;false
130410;0.27;0;0;277.25;ltr;false;true;false
130500;0.27;0;0;277.25;ltr;false;true;false
131310;-0.61;0;0;277.19;rtl;false;true;false
131400;-0.61;0;0;277.19;rtl;false;true;false
132210;6.86;0;0;277.2;ltr;false;true;false
132300;6.86;0;0;277.2;ltr;false;true;false
133110;-6.76;0;0;277.21;rtl;false;true;false
133200;-6.76;0;0;277.21;rtl;false;true;false
134010;-1.89;0;0;277.23;rtl;false;false;false
134100;-1.89;0;0;277.23;rtl;false;false;false
134910;2.21;0;0;277.24;ltr;false;true;false
135000;2.21;0;0;277.24;ltr;false;true;false
135810;7.02;0;0;277.11;ltr;false;true;false
135900;7.02;0;0;277.11;ltr;false;true;false
136710;7.8;0;0;276.98;ltr;false;false;false
136800;7.8;0;0;276.98;ltr;false;false;false
137610;7.24;0;0;276.85;ltr;false;false;false
137700;7.24;0;0;276.85;ltr;false;false;false
138510;4.52;0;0;276.71;ltr;false;false;false
138600;4.52;0;0;276.71;ltr;false;false;false
139410;0.79;0;0;276.77;ltr;false;false;false
139500;0.79;0;0;276.77;ltr;false;false;false
140310;1.46;0;0;276.83;ltr;false;true;false
140400;1.46;0;0;276.83;ltr;false;true;false
141210;-1.38;0;0;276.89;rtl;false;true;false
141300;-1.38;0;0;276.89;rtl;false;true;false
142110;2.32;0;0;276.95;ltr;false;true;false
142200;2.32;0;0;276.95;ltr;false;true;false
143010;-3.19;0;0;276.83;rtl;false;true;false
143100;-3.19;0;0;276.83;rtl;false;true;false
143910;-3.74;0;0;276.71;rtl;false;false;false
144000;-3.74;0;0;276.71;rtl;false;false;false
144810;1.93;0;0;276.6;ltr;false;true;false
144900;1.93;0;0;276.6;ltr;false;true;false
145710;-1.01;0;0;276.48;rtl;false;true;false
145800;-1.01;0;0;276.48;rtl;false;true;false
146610;3.43;0;0;276.48;ltr;false;true;false
146700;3.43;0;0;276.48;ltr;false;true;false
147510;-0.79;0;0;276.48;rtl;false;true;false
147600;-0.79;0;0;276.48;rtl;false;true;false
148410;2.25;0;0;276.48;ltr;false;true;false
148500;2.25;0;0;276.48;ltr;false;true;false
149310;4.91;0;0;276.48;ltr;false;false;false
149400;4.91;0;0;276.48;ltr;false;false;false
150210;4.95;0;0;276.33;ltr;false;false;false
150300;4.95;0;0;276.33;ltr;false;false;false
151110;5.53;0;0;276.19;ltr;false;false;false
151200;5.53;0;0;276.19;ltr;false;false;false
152010;8.4;0;0;276.04;ltr;false;false;false
152100;8.4;0;0;276.04;ltr;false;false;false
152910;3.22;0;0;275.89;ltr;false;false;false
153000;3.22;0;0;275.89;ltr;false;false;false
153810;9.12;0;0;275.74;ltr;false;false;false
153900;9.12;0;0;275.74;ltr;false;false;false
154710;5.45;0;0;275.59;ltr;false;false;false
154800;5.45;0;0;275.59;ltr;false;false;false
155610;-11.6;0;0;275.43;rtl;false;true;false
155700;-11.6;0;0;275.43;rtl;false;true;false
156510;0.69;0;0;275.28;ltr;false;true;false
156600;0.69;0;0;275.28;ltr;false;true;false
157410;1.31;0;0;275.21;ltr;false;true;false
157500;1.31;0;0;275.21;ltr;false;true;false
158310;1.51;0;0;275.14;ltr;false;false;false
158400;1.51;0;0;275.14;ltr;false;false;false
159210;-3.17;0;0;275.08;rtl;false;true;false
159300;-3.17;0;0;275.08;rtl;false;true;false
160110;1.35;0;0;275.01;ltr;false;true;false
160200;1.35;0;0;275.01;ltr;false;true;false
161010;-0.1;0;0;275.02;rtl;false;true;false
161100;-0.1;0;0;275.02;rtl;false;true;false
161910;-2.27;0;0;275.04;rtl;false;true;false
162000;-2.27;0;0;275.04;rtl;false;true;false
162810;2.9;0;0;275.05;ltr;false;true;false
162900;2.9;0;0;275.05;ltr;false;true;false
163710;1.86;0;0;275.06;ltr;false;false;false
163800;1.86;0;0;275.06;ltr;false;false;false
164610;2.49;0;0;275.01;ltr;false;false;false
164700;2.49;0;0;275.01;ltr;false;false;false
165510;0;0;0;274.96;ltr;false;false;true
165600;0;0;0;274.96;ltr;false;false;true
166410;-0.45;0;0;274.9;rtl;false;true;false
166500;-0.45;0;0;274.9;rtl;false;true;false
167310;0.11;0;0;274.85;ltr;false;true;false
167400;0.11;0;0;274.85;ltr;false;true;false
168210;-3.82;0;0;274.87;rtl;false;true;false
168300;-3.82;0;0;274.87;rtl;false;true;false
169110;-0.79;0;0;274.9;rtl;false;false;false
169200;-0.79;0;0;274.9;rtl;false;false;false
170010;2.4;0;0;274.93;ltr;false;true;false
170100;2.4;0;0;274.93;ltr;false;true;false
170910;-0.5;0;0;274.96;rtl;false;true;false
171000;-0.5;0;0;274.96;rtl;false;true;false
171810;-3.59;0;0;275.14;rtl;false;true;false
171900;-3.59;0;0;275.14;rtl;false;true;false
172710;0.37;0;0;275.33;ltr;false;true;false
172800;0.37;0;0;275.33;ltr;false;true;false
173610;-0.42;0;0;275.52;rtl;false;true;false
173700;-0.42;0;0;275.52;rtl;false;true;false
174510;-1.26;0;0;275.71;rtl;false;false;false
174600;-1.26;0;0;275.71;rtl;false;false;false
175410;-0.27;0;0;275.8;rtl;false;false;false
175500;-0.27;0;0;275.8;rtl;false;false;false
176310;0.65;0;0;275.89;ltr;false;true;false
176400;0.65;0;0;275.89;ltr;false;true;false
177210;0.32;0;0;275.99;ltr;false;false;false
177300;0.32;0;0;275.99;ltr;false;false;false
178110;-0.31;0;0;276.08;rtl;false;true;false
178200;-0.31;0;0;276.08;rtl;false;true;false
179010;4.03;0;0;276.05;ltr;false;true;false
179100;4.03;0;0;276.05;ltr;false;true;false
179910;-1.48;0;0;276.03;rtl;false;true;false
180000;-1.48;0;0;276.03;rtl;false;true;false
180810;-0.61;0;0;276;rtl;false;false;false
180900;-0.61;0;0;276;rtl;false;false;false
181710;-0.54;0;0;275.97;rtl;false;false;false
181800;-0.54;0;0;275.97;rtl;false;false;false
182610;-2.33;0;0;275.99;rtl;false;true;false
182700;-2.33;0;0;275.99;rtl;false;true;false
183510;-0.4;0;0;276.01;rtl;false;true;false
183600;-0.4;0;0;276.01;rtl;false;true;false
184410;-1.17;0;0;276.03;rtl;false;true;false
184500;-1.17;0;0;276.03;rtl;false;true;false
185310;2.55;0;0;276.05;ltr;false;true;false
185400;2.55;0;0;276.05;ltr;false;true;false
186210;-0.1;0;0;276.11;rtl;false;true;false
186300;-0.1;0;0;276.11;rtl;false;true;false
187110;-0.11;0;0;276.16;rtl;false;false;false
187200;-0.11;0;0;276.16;rtl;false;false;false
188010;0.75;0;0;276.21;ltr;false;true;false
188100;0.75;0;0;276.21;ltr;false;true;false
188910;-0.09;0;0;276.27;rtl;false;true;false
189000;-0.09;0;0;276.27;rtl;false;true;false
189810;-1.21;0;0;276.27;rtl;false;true;false
189900;-1.21;0;0;276.27;rtl;false;true;false
190710;0;0;0;276.27;ltr;false;true;true
190800;0;0;0;276.27;ltr;false;true;true
191610;-2.83;0;0;276.27;rtl;false;true;false
191700;-2.83;0;0;276.27;rtl;false;true;false
192510;-2.98;0;0;276.27;rtl;false;false;false
192600;-2.98;0;0;276.27;rtl;false;false;false
193410;0.85;0;0;276.19;ltr;false;true;false
193500;0.85;0;0;276.19;ltr;false;true;false
194310;-0.49;0;0;276.11;rtl;false;true;false
194400;-0.49;0;0;276.11;rtl;false;true;false
195210;0.68;0;0;276.03;ltr;false;true;false
195300;0.68;0;0;276.03;ltr;false;true;false
196110;0;0;0;275.95;ltr;false;false;true
196200;0;0;0;275.95;ltr;false;false;true
197010;-0.5;0;0;275.93;rtl;false;true;false
197100;-0.5;0;0;275.93;rtl;false;true;false
197910;0;0;0;275.92;ltr;false;true;true
198000;0;0;0;275.92;ltr;false;true;true
198810;1.06;0;0;275.91;ltr;false;false;false
198900;1.06;0;0;275.91;ltr;false;false;false
199710;0.2;0;0;275.89;ltr;false;false;false
199800;0.2;0;0;275.89;ltr;false;false;false
200610;-0.81;0;0;275.89;rtl;false;true;false
200700;-0.81;0;0;275.89;rtl;false;true;false
201510;-0.06;0;0;275.88;rtl;false;false;false
201600;-0.06;0;0;275.88;rtl;false;false;false
202410;-2.45;0;0;275.87;rtl;false;true;false
202500;-2.45;0;0;275.87;rtl;false;true;false
203310;-0.15;0;0;275.87;rtl;false;false;false
203400;-0.15;0;0;275.87;rtl;false;false;false
204210;-0.49;0;0;275.96;rtl;false;true;false
204300;-0.49;0;0;275.96;rtl;false;true;false
205110;-0.94;0;0;276.05;rtl;false;true;false
205200;-0.94;0;0;276.05;rtl;false;true;false
206010;3.41;0;0;276.15;ltr;false;true;false
206100;3.41;0;0;276.15;ltr;false;true;false
206910;1.99;0;0;276.24;ltr;false;false;false
207000;1.99;0;0;276.24;ltr;false;false;false
207810;0.93;0;0;276.33;ltr;false;false;false
207900;0.93;0;0;276.33;ltr;false;false;false
208710;-0.77;0;0;276.42;rtl;false;true;false
208800;-0.77;0;0;276.42;rtl;false;true;false
209610;0;0;0;276.52;ltr;false;true;true
209700;0;0;0;276.52;ltr;false;true;true
210510;0.51;0;0;276.61;ltr;false;false;false
210600;0.51;0;0;276.61;ltr;false;false;false
211410;4.38;0;0;276.73;ltr;false;false;false
211500;4.38;0;0;276.73;ltr;false;false;false
212310;0.11;0;0;276.85;ltr;false;false;false
212400;0.11;0;0;276.85;ltr;false;false;false
213210;-0.51;0;0;276.96;rtl;false;true;false
213300;-0.51;0;0;276.96;rtl;false;true;false
214110;0.22;0;0;277.08;ltr;false;true;false
214200;0.22;0;0;277.08;ltr;false;true;false
215010;-0.36;0;0;277.15;rtl;false;true;false
215100;-0.36;0;0;277.15;rtl;false;true;false
215910;1.46;0;0;277.23;ltr;false;true;false
216000;1.46;0;0;277.23;ltr;false;true;false
216810;0.74;0;0;277.3;ltr;false;false;false
216900;0.74;0;0;277.3;ltr;false;false;false
217710;1.18;0;0;277.37;ltr;false;false;false
217800;1.18;0;0;277.37;ltr;false;false;false
218610;-0.78;0;0;277.37;rtl;false;true;false
218700;-0.78;0;0;277.37;rtl;false;true;false
219510;0;0;0;277.37;ltr;false;true;true
219600;0;0;0;277.37;ltr;false;true;true
220410;0.15;0;0;277.37;ltr;false;false;false
220500;0.15;0;0;277.37;ltr;false;false;false
221310;1.21;0;0;277.37;ltr;false;false;false
221400;1.21;0;0;277.37;ltr;false;false;false
222210;-1.49;0;0;277.42;rtl;false;true;false
222300;-1.49;0;0;277.42;rtl;false;true;false
223110;0;0;0;277.46;ltr;false;true;true
223200;0;0;0;277.46;ltr;false;true;true
224010;-2.65;0;0;277.51;rtl;false;true;false
224100;-2.65;0;0;277.51;rtl;false;true;false
224910;1.05;0;0;277.55;ltr;false;true;false
225000;1.05;0;0;277.55;ltr;false;true;false
225810;5.25;0;0;277.55;ltr;false;true;false
225900;5.25;0;0;277.55;ltr;false;true;false
226710;-6.1;0;0;277.54;rtl;false;true;false
226800;-6.1;0;0;277.54;rtl;false;true;false
227610;1.32;0;0;277.53;ltr;false;true;false
227700;1.32;0;0;277.53;ltr;false;true;false
228510;5.53;0;0;277.53;ltr;false;true;false
228600;5.53;0;0;277.53;ltr;false;true;false
229410;1.08;0;0;277.51;ltr;false;false;false
229500;1.08;0;0;277.51;ltr;false;false;false
230310;1.56;0;0;277.49;ltr;false;true;false
230400;1.56;0;0;277.49;ltr;false;true;false
231210;-0.45;0;0;277.47;rtl;false;true;false
231300;-0.45;0;0;277.47;rtl;false;true;false
232110;1.49;0;0;277.45;ltr;false;true;false
232200;1.49;0;0;277.45;ltr;false;true;false
233010;1.58;0;0;277.5;ltr;false;true;false
233100;1.58;0;0;277.5;ltr;false;true;false
233910;0.72;0;0;277.55;ltr;false;true;false
234000;0.72;0;0;277.55;ltr;false;true;false
234810;0.31;0;0;277.6;ltr;false;true;false
234900;0.31;0;0;277.6;ltr;false;true;false
235710;2.73;0;0;277.66;ltr;false;true;false
235800;2.73;0;0;277.66;ltr;false;true;false
236610;-0.9;0;0;277.68;rtl;false;true;false
236700;-0.9;0;0;277.68;rtl;false;true;false
237510;1.79;0;0;277.7;ltr;false;true;false
237600;1.79;0;0;277.7;ltr;false;true;false
238410;0.66;0;0;277.71;ltr;false;true;false
238500;0.66;0;0;277.71;ltr;false;true;false
239310;2.93;0;0;277.73;ltr;false;true;false
239400;2.93;0;0;277.73;ltr;false;true;false
240210;0.79;0;0;277.73;ltr;false;false;false
240300;0.79;0;0;277.73;ltr;false;false;false
241110;-0.16;0;0;277.73;rtl;false;true;false
241200;-0.16;0;0;277.73;rtl;false;true;false
242010;3.22;0;0;277.73;ltr;false;true;false
242100;3.22;0;0;277.73;ltr;false;true;false
242910;2.32;0;0;277.73;ltr;false;false;false
243000;2.32;0;0;277.73;ltr;false;false;false
243810;2.15;0;0;277.71;ltr;false;false;false
243900;2.15;0;0;277.71;ltr;false;false;false
244710;2.23;0;0;277.7;ltr;false;false;false
244800;2.23;0;0;277.7;ltr;false;false;false
245610;1.82;0;0;277.68;ltr;false;false;false
245700;1.82;0;0;277.68;ltr;false;false;false
246510;1.91;0;0;277.66;ltr;false;true;false
246600;1.91;0;0;277.66;ltr;false;true;false
247410;1.89;0;0;277.53;ltr;false;true;false
247500;1.89;0;0;277.53;ltr;false;true;false
248310;0.77;0;0;277.41;ltr;false;true;false
248400;0.77;0;0;277.41;ltr;false;true;false
249210;-5.72;0;0;277.28;rtl;false;true;false
249300;-5.72;0;0;277.28;rtl;false;true;false
250110;0.65;0;0;277.16;ltr;false;true;false
250200;0.65;0;0;277.16;ltr;false;true;false
251010;1.37;0;0;277.17;ltr;false;true;false
251100;1.37;0;0;277.17;ltr;false;true;false
251910;-3.93;0;0;277.19;rtl;false;true;false
252000;-3.93;0;0;277.19;rtl;false;true;false
252810;0.47;0;0;277.2;ltr;false;true;false
252900;0.47;0;0;277.2;ltr;false;true;false
253710;0.75;0;0;277.21;ltr;false;true;false
253800;0.75;0;0;277.21;ltr;false;true;false
254610;-0.13;0;0;277.16;rtl;false;true;false
254700;-0.13;0;0;277.16;rtl;false;true;false
255510;-2.71;0;0;277.11;rtl;false;true;false
255600;-2.71;0;0;277.11;rtl;false;true;false
256410;-1.06;0;0;277.06;rtl;false;false;false
256500;-1.06;0;0;277.06;rtl;false;false;false
257310;0.12;0;0;277;ltr;false;true;false
257400;0.12;0;0;277;ltr;false;true;false
258210;-1.16;0;0;277.13;rtl;false;true;false
258300;-1.16;0;0;277.13;rtl;false;true;false
259110;-0.02;0;0;277.25;rtl;false;true;false
259200;-0.02;0;0;277.25;rtl;false;true;false
260010;0.03;0;0;277.38;ltr;false;true;false
260100;0.03;0;0;277.38;ltr;false;true;false
260910;0.69;0;0;277.5;ltr;false;true;false
261000;0.69;0;0;277.5;ltr;false;true;false
261810;0.24;0;0;277.58;ltr;false;true;false
261900;0.24;0;0;277.58;ltr;false;true;false
262710;-0.48;0;0;277.66;rtl;false;true;false
262800;-0.48;0;0;277.66;rtl;false;true;false
263610;0.03;0;0;277.73;ltr;false;true;false
263700;0.03;0;0;277.73;ltr;false;true;false
264510;-0.72;0;0;277.81;rtl;false;true;false
264600;-0.72;0;0;277.81;rtl;false;true;false
265410;-0.41;0;0;277.79;rtl;false;true;false
265500;-0.41;0;0;277.79;rtl;false;true;false
266310;-0.1;0;0;277.76;rtl;false;true;false
266400;-0.1;0;0;277.76;rtl;false;true;false
267210;-0.27;0;0;277.73;rtl;false;true;false
267300;-0.27;0;0;277.73;rtl;false;true;false
268110;-0.07;0;0;277.71;rtl;false;true;false
268200;-0.07;0;0;277.71;rtl;false;true;false
269010;0.02;0;0;277.66;ltr;false;true;false
269100;0.02;0;0;277.66;ltr;false;true;false
269910;0.26;0;0;277.6;ltr;false;true;false
270000;0.26;0;0;277.6;ltr;false;true;false
270810;0.6;0;0;277.55;ltr;false;true;false
270900;0.6;0;0;277.55;ltr;false;true;false
271710;-0.3;0;0;277.5;rtl;false;true;false
271800;-0.3;0;0;277.5;rtl;false;true;false
272610;0.85;0;0;277.4;ltr;false;true;false
272700;0.85;0;0;277.4;ltr;false;true;false
273510;-0.43;0;0;277.29;rtl;false;true;false
273600;-0.43;0;0;277.29;rtl;false;true;false
274410;-0.87;0;0;277.19;rtl;false;true;false
274500;-0.87;0;0;277.19;rtl;false;true;false
275310;-0.32;0;0;277.08;rtl;false;true;false
275400;-0.32;0;0;277.08;rtl;false;true;false
276210;-0.9;0;0;277.11;rtl;false;true;false
276300;-0.9;0;0;277.11;rtl;false;true;false
277110;0.27;0;0;277.15;ltr;false;true;false
277200;0.27;0;0;277.15;ltr;false;true;false
278010;0.03;0;0;277.18;ltr;false;true;false
278100;0.03;0;0;277.18;ltr;false;true;false
278910;-0.74;0;0;277.21;rtl;false;true;false
279000;-0.74;0;0;277.21;rtl;false;true;false
279810;-0.68;0;0;277.23;rtl;false;true;false
279900;-0.68;0;0;277.23;rtl;false;true;false
280710;0.15;0;0;277.25;ltr;false;true;false
280800;0.15;0;0;277.25;ltr;false;true;false
281610;-1.06;0;0;277.27;rtl;false;true;false
281700;-1.06;0;0;277.27;rtl;false;true;false
282510;0.29;0;0;277.29;ltr;false;true;false
282600;0.29;0;0;277.29;ltr;false;true;false
283410;-1.47;0;0;277.29;rtl;false;true;false
283500;-1.47;0;0;277.29;rtl;false;true;false
284310;2.36;0;0;277.29;ltr;false;true;false
284400;2.36;0;0;277.29;ltr;false;true;false
285210;-0.64;0;0;277.29;rtl;false;true;false
285300;-0.64;0;0;277.29;rtl;false;true;false
286110;-0.1;0;0;277.29;rtl;false;true;false
286200;-0.1;0;0;277.29;rtl;false;true;false
287010;-0.06;0;0;277.28;rtl;false;true;false
287100;-0.06;0;0;277.28;rtl;false;true;false
287910;0.23;0;0;277.26;ltr;false;true;false
288000;0.23;0;0;277.26;ltr;false;true;false
288810;-0.5;0;0;277.25;rtl;false;true;false
288900;-0.5;0;0;277.25;rtl;false;true;false
289710;-2.76;0;0;277.24;rtl;false;true;false
289800;-2.76;0;0;277.24;rtl;false;true;false
290610;4.85;0;0;277.19;ltr;false;true;false
290700;4.85;0;0;277.19;ltr;false;true;false
291510;0.78;0;0;277.15;ltr;false;false;false
291600;0.78;0;0;277.15;ltr;false;false;false
292410;-1.8;0;0;277.1;rtl;false;true;false
292500;-1.8;0;0;277.1;rtl;false;true;false
293310;3.08;0;0;277.06;ltr;false;true;false
293400;3.08;0;0;277.06;ltr;false;true;false
294210;2.81;0;0;276.88;ltr;false;false;false
294300;2.81;0;0;276.88;ltr;false;false;false
295110;3.17;0;0;276.71;ltr;false;false;false
295200;3.17;0;0;276.71;ltr;false;false;false
296010;-2.07;0;0;276.54;rtl;false;true;false
296100;-2.07;0;0;276.54;rtl;false;true;false
296910;-5.74;0;0;276.37;rtl;false;false;false
297000;-5.74;0;0;276.37;rtl;false;false;false
297810;1.32;0;0;276.31;ltr;false;true;false
297900;1.32;0;0;276.31;ltr;false;true;false
298710;7.53;0;0;276.25;ltr;false;true;false
298800;7.53;0;0;276.25;ltr;false;true;false
299610;9.45;0;0;276.19;ltr;false;false;false
299700;9.45;0;0;276.19;ltr;false;false;false
300510;-6.15;0;0;276.13;rtl;false;true;false
300600;-6.15;0;0;276.13;rtl;false;true;false
301410;7.95;0;0;276.14;ltr;false;true;false
301500;7.95;0;0;276.14;ltr;false;true;false
302310;-9.38;0;0;276.15;rtl;false;true;false
302400;-9.38;0;0;276.15;rtl;false;true;false
303210;-9.28;0;0;276.15;rtl;false;false;false
303300;-9.28;0;0;276.15;rtl;false;false;false
304110;1.12;0;0;276.16;ltr;false;true;false
304200;1.12;0;0;276.16;ltr;false;true;false
305010;-5.04;0;0;276.25;rtl;false;true;false
305100;-5.04;0;0;276.25;rtl;false;true;false
305910;8.6;0;0;276.33;ltr;false;true;false
306000;8.6;0;0;276.33;ltr;false;true;false
306810;8.66;0;0;276.42;ltr;false;false;false
306900;8.66;0;0;276.42;ltr;false;false;false
307710;9.32;0;0;276.5;ltr;false;false;false
307800;9.32;0;0;276.5;ltr;false;false;false
308610;8.95;0;0;276.48;ltr;false;false;false
308700;8.95;0;0;276.48;ltr;false;false;false
309510;3.74;0;0;276.45;ltr;false;false;false
309600;3.74;0;0;276.45;ltr;false;false;false
310410;-9.41;0;0;276.42;rtl;false;true;false
310500;-9.41;0;0;276.42;rtl;false;true;false
311310;-9.36;0;0;276.4;rtl;false;false;false
311400;-9.36;0;0;276.4;rtl;false;false;false
312210;-5.85;0;0;276.36;rtl;false;false;false
312300;-5.85;0;0;276.36;rtl;false;false;false
313110;-8.54;0;0;276.32;rtl;false;false;false
313200;-8.54;0;0;276.32;rtl;false;false;false
314010;3.61;0;0;276.28;ltr;false;true;false
314100;3.61;0;0;276.28;ltr;false;true;false
314910;-11.34;0;0;276.24;rtl;false;true;false
315000;-11.34;0;0;276.24;rtl;false;true;false
315810;-9.7;0;0;276.11;rtl;false;false;false
315900;-9.7;0;0;276.11;rtl;false;false;false
316710;-9.16;0;0;275.97;rtl;false;false;false
316800;-9.16;0;0;275.97;rtl;false;false;false
317610;-9.39;0;0;275.84;rtl;false;false;false
317700;-9.39;0;0;275.84;rtl;false;false;false
318510;-9.24;0;0;275.71;rtl;false;false;false
318600;-9.24;0;0;275.71;rtl;false;false;false
319410;-11.41;0;0;275.57;rtl;false;false;false
319500;-11.41;0;0;275.57;rtl;false;false;false
320310;-8.96;0;0;275.43;rtl;false;false;false
320400;-8.96;0;0;275.43;rtl;false;false;false
321210;-8.15;0;0;275.28;rtl;false;false;false
321300;-8.15;0;0;275.28;rtl;false;false;false
322110;-7.24;0;0;275.14;rtl;false;false;false
322200;-7.24;0;0;275.14;rtl;false;false;false
323010;-8.17;0;0;275.02;rtl;false;false;false
323100;-8.17;0;0;275.02;rtl;false;false;false
323910;-5.07;0;0;274.9;rtl;false;false;false
324000;-5.07;0;0;274.9;rtl;false;false;false
324810;-6.34;0;0;274.78;rtl;false;false;false
324900;-6.34;0;0;274.78;rtl;false;false;false
325710;-6.26;0;0;274.66;rtl;false;false;false
325800;-6.26;0;0;274.66;rtl;false;false;false
326610;-6.7;0;0;274.72;rtl;false;false;false
326700;-6.7;0;0;274.72;rtl;false;false;false
327510;-6.81;0;0;274.79;rtl;false;false;false
327600;-6.81;0;0;274.79;rtl;false;false;false
328410;-8.11;0;0;274.86;rtl;false;false;false
328500;-8.11;0;0;274.86;rtl;false;false;false
329310;-7.08;0;0;274.93;rtl;false;false;false
329400;-7.08;0;0;274.93;rtl;false;false;false
330210;-8.49;0;0;274.98;rtl;false;false;false
330300;-8.49;0;0;274.98;rtl;false;false;false
331110;-8.27;0;0;275.02;rtl;false;false;false
331200;-8.27;0;0;275.02;rtl;false;false;false
332010;-8.05;0;0;275.07;rtl;false;false;false
332100;-8.05;0;0;275.07;rtl;false;false;false
332910;-7.92;0;0;275.12;rtl;false;false;false
333000;-7.92;0;0;275.12;rtl;false;false;false
333810;-6.46;0;0;275.1;rtl;false;false;false
333900;-6.46;0;0;275.1;rtl;false;false;false
334710;-5.79;0;0;275.08;rtl;false;false;false
334800;-5.79;0;0;275.08;rtl;false;false;false
335610;-6.09;0;0;275.06;rtl;false;false;false
335700;-6.09;0;0;275.06;rtl;false;false;false
336510;-6.25;0;0;275.04;rtl;false;false;false
336600;-6.25;0;0;275.04;rtl;false;false;false
337410;-6.75;0;0;274.95;rtl;false;false;false
337500;-6.75;0;0;274.95;rtl;false;false;false
338310;-8.52;0;0;274.87;rtl;false;false;false
338400;-8.52;0;0;274.87;rtl;false;false;false
339210;-5.66;0;0;274.79;rtl;false;false;false
339300;-5.66;0;0;274.79;rtl;false;false;false
340110;-7.28;0;0;274.71;rtl;false;false;false
340200;-7.28;0;0;274.71;rtl;false;false;false
341010;-7.57;0;0;274.75;rtl;false;false;false
341100;-7.57;0;0;274.75;rtl;false;false;false
341910;-6.47;0;0;274.79;rtl;false;false;false
342000;-6.47;0;0;274.79;rtl;false;false;false
342810;-6.6;0;0;274.83;rtl;false;false;false
342900;-6.6;0;0;274.83;rtl;false;false;false
343710;-7.67;0;0;274.87;rtl;false;false;false
343800;-7.67;0;0;274.87;rtl;false;false;false
344610;-7.6;0;0;275.11;rtl;false;false;false
344700;-7.6;0;0;275.11;rtl;false;false;false
345510;-8.64;0;0;275.34;rtl;false;false;false
345600;-8.64;0;0;275.34;rtl;false;false;false
346410;-8.29;0;0;275.58;rtl;false;false;false
346500;-8.29;0;0;275.58;rtl;false;false;false
347310;-8.69;0;0;275.81;rtl;false;false;false
347400;-8.69;0;0;275.81;rtl;false;false;false
348210;-9.06;0;0;275.77;rtl;false;false;false
348300;-9.06;0;0;275.77;rtl;false;false;false
349110;-9.19;0;0;275.72;rtl;false;false;false
349200;-9.19;0;0;275.72;rtl;false;false;false
350010;-11.22;0;0;275.67;rtl;false;false;false
350100;-11.22;0;0;275.67;rtl;false;false;false
350910;-9.52;0;0;275.63;rtl;false;false;false
351000;-9.52;0;0;275.63;rtl;false;false;false
351810;-8.32;0;0;275.65;rtl;false;false;false
351900;-8.32;0;0;275.65;rtl;false;false;false
352710;-5.35;0;0;275.67;rtl;false;false;false
352800;-5.35;0;0;275.67;rtl;false;false;false
353610;-8.13;0;0;275.69;rtl;false;false;false
353700;-8.13;0;0;275.69;rtl;false;false;false
354510;-7.96;0;0;275.71;rtl;false;false;false
354600;-7.96;0;0;275.71;rtl;false;false;false
355410;-7.54;0;0;275.83;rtl;false;false;false
355500;-7.54;0;0;275.83;rtl;false;false;false
356310;-8.57;0;0;275.95;rtl;false;false;false
356400;-8.57;0;0;275.95;rtl;false;false;false
357210;-9.67;0;0;276.07;rtl;false;false;false
357300;-9.67;0;0;276.07;rtl;false;false;false
358110;-8.64;0;0;276.19;rtl;false;false;false
358200;-8.64;0;0;276.19;rtl;false;false;false
359010;-7.75;0;0;276.29;rtl;false;false;false
359100;-7.75;0;0;276.29;rtl;false;false;false
359910;-9.68;0;0;276.38;rtl;false;false;false
360000;-9.68;0;0;276.38;rtl;false;false;false
360810;-8.83;0;0;276.48;rtl;false;false;false
360900;-8.83;0;0;276.48;rtl;false;false;false
361710;-9.94;0;0;276.58;rtl;false;false;false
361800;-9.94;0;0;276.58;rtl;false;false;false
362610;-9.47;0;0;276.62;rtl;false;false;false
362700;-9.47;0;0;276.62;rtl;false;false;false
363510;-8.67;0;0;276.65;rtl;false;false;false
363600;-8.67;0;0;276.65;rtl;false;false;false
364410;-8.74;0;0;276.68;rtl;false;false;false
364500;-8.74;0;0;276.68;rtl;false;false;false
365310;-8.55;0;0;276.71;rtl;false;false;false
365400;-8.55;0;0;276.71;rtl;false;false;false
366210;-0.46;0;0;276.78;rtl;false;false;false
366300;-0.46;0;0;276.78;rtl;false;false;false
367110;7.91;0;0;276.85;ltr;false;true;false
367200;7.91;0;0;276.85;ltr;false;true;false
368010;0.68;0;0;276.91;ltr;false;false;false
368100;0.68;0;0;276.91;ltr;false;false;false
368910;7.97;0;0;276.98;ltr;false;true;false
369000;7.97;0;0;276.98;ltr;false;true;false
369810;9.12;0;0;277.13;ltr;false;false;false
369900;9.12;0;0;277.13;ltr;false;false;false
370710;8.22;0;0;277.29;ltr;false;false;false
370800;8.22;0;0;277.29;ltr;false;false;false
371610;6.54;0;0;277.45;ltr;false;false;false
371700;6.54;0;0;277.45;ltr;false;false;false
372510;5.2;0;0;277.6;ltr;false;false;false
372600;5.2;0;0;277.6;ltr;false;false;false
373410;4.54;0;0;277.66;ltr;false;false;false
373500;4.54;0;0;277.66;ltr;false;false;false
374310;3.59;0;0;277.72;ltr;false;false;false
374400;3.59;0;0;277.72;ltr;false;false;false
375210;1.83;0;0;277.78;ltr;false;false;false
375300;1.83;0;0;277.78;ltr;false;false;false
376110;1.91;0;0;277.84;ltr;false;false;false
376200;1.91;0;0;277.84;ltr;false;false;false
377010;-1.16;0;0;277.87;rtl;false;true;false
377100;-1.16;0;0;277.87;rtl;false;true;false
377910;0.64;0;0;277.9;ltr;false;true;false
378000;0.64;0;0;277.9;ltr;false;true;false
378810;-0.29;0;0;277.94;rtl;false;true;false
378900;-0.29;0;0;277.94;rtl;false;true;false
379710;0.97;0;0;277.97;ltr;false;true;false
379800;0.97;0;0;277.97;ltr;false;true;false
380610;0.65;0;0;278;ltr;false;true;false
380700;0.65;0;0;278;ltr;false;true;false
381510;1.5;0;0;278.03;ltr;false;true;false
381600;1.5;0;0;278.03;ltr;false;true;false
382410;-0.32;0;0;278.06;rtl;false;true;false
382500;-0.32;0;0;278.06;rtl;false;true;false
383310;1.46;0;0;278.1;ltr;false;true;false
383400;1.46;0;0;278.1;ltr;false;true;false
384210;0.12;0;0;278;ltr;false;true;false
384300;0.12;0;0;278;ltr;false;true;false
385110;0.19;0;0;277.9;ltr;false;true;false
385200;0.19;0;0;277.9;ltr;false;true;false
386010;1.6;0;0;277.81;ltr;false;true;false
386100;1.6;0;0;277.81;ltr;false;true;false
386910;1.24;0;0;277.71;ltr;false;true;false
387000;1.24;0;0;277.71;ltr;false;true;false
387810;2.07;0;0;277.48;ltr;false;true;false
387900;2.07;0;0;277.48;ltr;false;true;false
388710;1.7;0;0;277.25;ltr;false;false;false
388800;1.7;0;0;277.25;ltr;false;false;false
389610;0.21;0;0;277.02;ltr;false;true;false
389700;0.21;0;0;277.02;ltr;false;true;false
390510;0.18;0;0;276.79;ltr;false;true;false
390600;0.18;0;0;276.79;ltr;false;true;false
391410;0.05;0;0;276.85;ltr;false;true;false
391500;0.05;0;0;276.85;ltr;false;true;false
392310;0.27;0;0;276.9;ltr;false;true;false
392400;0.27;0;0;276.9;ltr;false;true;false
393210;-0.6;0;0;276.95;rtl;false;true;false
393300;-0.6;0;0;276.95;rtl;false;true;false
394110;0.91;0;0;277;ltr;false;true;false
394200;0.91;0;0;277;ltr;false;true;false
395010;1.97;0;0;277.11;ltr;false;true;false
395100;1.97;0;0;277.11;ltr;false;true;false
395910;-1.57;0;0;277.21;rtl;false;true;false
396000;-1.57;0;0;277.21;rtl;false;true;false
396810;2.47;0;0;277.32;ltr;false;true;false
396900;2.47;0;0;277.32;ltr;false;true;false
397710;3.38;0;0;277.42;ltr;false;false;false
397800;3.38;0;0;277.42;ltr;false;false;false
398610;0.8;0;0;277.46;ltr;false;false;false
398700;0.8;0;0;277.46;ltr;false;false;false
399510;2.59;0;0;277.5;ltr;false;true;false
399600;2.59;0;0;277.5;ltr;false;true;false
400410;2.57;0;0;277.54;ltr;false;false;false
400500;2.57;0;0;277.54;ltr;false;false;false
401310;3.05;0;0;277.58;ltr;false;false;false
401400;3.05;0;0;277.58;ltr;false;false;false
402210;3.41;0;0;277.61;ltr;false;false;false
402300;3.41;0;0;277.61;ltr;false;false;false
403110;2.6;0;0;277.64;ltr;false;false;false
403200;2.6;0;0;277.64;ltr;false;false;false
404010;2.9;0;0;277.68;ltr;false;false;false
404100;2.9;0;0;277.68;ltr;false;false;false
404910;4.29;0;0;277.71;ltr;false;false;false
405000;4.29;0;0;277.71;ltr;false;false;false
405810;3.92;0;0;277.65;ltr;false;false;false
405900;3.92;0;0;277.65;ltr;false;false;false
406710;3.35;0;0;277.59;ltr;false;false;false
406800;3.35;0;0;277.59;ltr;false;false;false
407610;2.49;0;0;277.53;ltr;false;false;false
407700;2.49;0;0;277.53;ltr;false;false;false
408510;5.08;0;0;277.47;ltr;false;false;false
408600;5.08;0;0;277.47;ltr;false;false;false
409410;2.73;0;0;277.46;ltr;false;false;false
409500;2.73;0;0;277.46;ltr;false;false;false
410310;6.4;0;0;277.45;ltr;false;false;false
410400;6.4;0;0;277.45;ltr;false;false;false
411210;7.25;0;0;277.44;ltr;false;false;false
411300;7.25;0;0;277.44;ltr;false;false;false
412110;4.79;0;0;277.42;ltr;false;false;false
412200;4.79;0;0;277.42;ltr;false;false;false
413010;7.56;0;0;277.34;ltr;false;false;false
413100;7.56;0;0;277.34;ltr;false;false;false
413910;10.93;0;0;277.26;ltr;false;false;false
414000;10.93;0;0;277.26;ltr;false;false;false
414810;10.38;0;0;277.19;ltr;false;false;false
414900;10.38;0;0;277.19;ltr;false;false;false
415710;9.9;0;0;277.11;ltr;false;false;false
415800;9.9;0;0;277.11;ltr;false;false;false
416610;6.8;0;0;277.1;ltr;false;false;false
416700;6.8;0;0;277.1;ltr;false;false;false
417510;-5.54;0;0;277.09;rtl;false;true;false
417600;-5.54;0;0;277.09;rtl;false;true;false
418410;-10.83;0;0;277.09;rtl;false;false;false
418500;-10.83;0;0;277.09;rtl;false;false;false
419310;-11.68;0;0;277.08;rtl;false;false;false
419400;-11.68;0;0;277.08;rtl;false;false;false
420210;5.75;0;0;277.07;ltr;false;true;false
420300;5.75;0;0;277.07;ltr;false;true;false
421110;-14.94;0;0;277.06;rtl;false;true;false
421200;-14.94;0;0;277.06;rtl;false;true;false
422010;-13.98;0;0;277.04;rtl;false;false;false
422100;-13.98;0;0;277.04;rtl;false;false;false
422910;-14.75;0;0;277.03;rtl;false;false;false
423000;-14.75;0;0;277.03;rtl;false;false;false
423810;-16.49;0;0;276.94;rtl;false;false;false
423900;-16.49;0;0;276.94;rtl;false;false;false
424710;-15.31;0;0;276.86;rtl;false;false;false
424800;-15.31;0;0;276.86;rtl;false;false;false
425610;-16.61;0;0;276.77;rtl;false;false;false
425700;-16.61;0;0;276.77;rtl;false;false;false
426510;-16.9;0;0;276.69;rtl;false;false;false
426600;-16.9;0;0;276.69;rtl;false;false;false
427410;-15.41;0;0;276.7;rtl;false;false;false
427500;-15.41;0;0;276.7;rtl;false;false;false
428310;-16.23;0;0;276.71;rtl;false;false;false
428400;-16.23;0;0;276.71;rtl;false;false;false
429210;-16.98;0;0;276.73;rtl;false;false;false
429300;-16.98;0;0;276.73;rtl;false;false;false
430110;-16.2;0;0;276.74;rtl;false;false;false
430200;-16.2;0;0;276.74;rtl;false;false;false
431010;-16.76;0;0;276.84;rtl;false;false;false
431100;-16.76;0;0;276.84;rtl;false;false;false
431910;-18.08;0;0;276.94;rtl;false;false;false
432000;-18.08;0;0;276.94;rtl;false;false;false
432810;-19.05;0;0;277.04;rtl;false;false;false
432900;-19.05;0;0;277.04;rtl;false;false;false
433710;-19.22;0;0;277.14;rtl;false;false;false
433800;-19.22;0;0;277.14;rtl;false;false;false
434610;-19.7;0;0;277.04;rtl;false;false;false
434700;-19.7;0;0;277.04;rtl;false;false;false
435510;-20.19;0;0;276.94;rtl;false;false;false
435600;-20.19;0;0;276.94;rtl;false;false;false
436410;-22.58;0;0;276.84;rtl;false;false;false
436500;-22.58;0;0;276.84;rtl;false;false;false
437310;-21.4;0;0;276.74;rtl;false;false;false
437400;-21.4;0;0;276.74;rtl;false;false;false
438210;-20.94;0;0;276.71;rtl;false;false;false
438300;-20.94;0;0;276.71;rtl;false;false;false
439110;-18.81;0;0;276.67;rtl;false;false;false
439200;-18.81;0;0;276.67;rtl;false;false;false
440010;-20.38;0;0;276.64;rtl;false;false;false
440100;-20.38;0;0;276.64;rtl;false;false;false
440910;-22.22;0;0;276.61;rtl;false;false;false
441000;-22.22;0;0;276.61;rtl;false;false;false
441810;-19.7;0;0;276.56;rtl;false;false;false
441900;-19.7;0;0;276.56;rtl;false;false;false
442710;-20.12;0;0;276.5;rtl;false;false;false
442800;-20.12;0;0;276.5;rtl;false;false;false
443610;-19.98;0;0;276.45;rtl;false;false;false
443700;-19.98;0;0;276.45;rtl;false;false;false
444510;-19.33;0;0;276.4;rtl;false;false;false
444600;-19.33;0;0;276.4;rtl;false;false;false
445410;-18.91;0;0;276.56;rtl;false;false;false
445500;-18.91;0;0;276.56;rtl;false;false;false
446310;-18.48;0;0;276.71;rtl;false;false;false
446400;-18.48;0;0;276.71;rtl;false;false;false
447210;-16.69;0;0;276.87;rtl;false;false;false
447300;-16.69;0;0;276.87;rtl;false;false;false
448110;-17.89;0;0;277.03;rtl;false;false;false
448200;-17.89;0;0;277.03;rtl;false;false;false
449010;-19.19;0;0;277.15;rtl;false;false;false
449100;-19.19;0;0;277.15;rtl;false;false;false
449910;-19.42;0;0;277.28;rtl;false;false;false
450000;-19.42;0;0;277.28;rtl;false;false;false
450810;-17.3;0;0;277.4;rtl;false;false;false
450900;-17.3;0;0;277.4;rtl;false;false;false
451710;-17.14;0;0;277.53;rtl;false;false;false
451800;-17.14;0;0;277.53;rtl;false;false;false
452610;-19.29;0;0;277.68;rtl;false;false;false
452700;-19.29;0;0;277.68;rtl;false;false;false
453510;17.49;0;0;277.82;ltr;false;true;false
453600;17.49;0;0;277.82;ltr;false;true;false
454410;-14.78;0;0;277.97;rtl;false;true;false
454500;-14.78;0;0;277.97;rtl;false;true;false
455310;-13.38;0;0;278.12;rtl;false;false;false
455400;-13.38;0;0;278.12;rtl;false;false;false
456210;-12.78;0;0;278.25;rtl;false;false;false
456300;-12.78;0;0;278.25;rtl;false;false;false
457110;-9.67;0;0;278.37;rtl;false;false;false
457200;-9.67;0;0;278.37;rtl;false;false;false
458010;-15.68;0;0;278.49;rtl;false;false;false
458100;-15.68;0;0;278.49;rtl;false;false;false
458910;-0.98;0;0;278.61;rtl;false;false;false
459000;-0.98;0;0;278.61;rtl;false;false;false
459810;-18.71;0;0;278.73;rtl;false;true;false
459900;-18.71;0;0;278.73;rtl;false;true;false
460710;17.27;0;0;278.86;ltr;false;true;false
460800;17.27;0;0;278.86;ltr;false;true;false
461610;9.12;0;0;278.98;ltr;false;false;false
461700;9.12;0;0;278.98;ltr;false;false;false
462510;-17.57;0;0;279.1;rtl;false;true;false
462600;-17.57;0;0;279.1;rtl;false;true;false
463410;14.98;0;0;279.09;ltr;false;true;false
463500;14.98;0;0;279.09;ltr;false;true;false
464310;-0.98;0;0;279.09;rtl;false;true;false
464400;-0.98;0;0;279.09;rtl;false;true;false
465210;8.54;0;0;279.08;ltr;false;true;false
465300;8.54;0;0;279.08;ltr;false;true;false
466110;5.92;0;0;279.07;ltr;false;false;false
466200;5.92;0;0;279.07;ltr;false;false;false
467010;4.18;0;0;279.09;ltr;false;false;false
467100;4.18;0;0;279.09;ltr;false;false;false
467910;5.26;0;0;279.11;ltr;false;false;false
468000;5.26;0;0;279.11;ltr;false;false;false
468810;5.09;0;0;279.13;ltr;false;false;false
468900;5.09;0;0;279.13;ltr;false;false;false
469710;1.03;0;0;279.15;ltr;false;false;false
469800;1.03;0;0;279.15;ltr;false;false;false
470610;-2.55;0;0;278.96;rtl;false;true;false
470700;-2.55;0;0;278.96;rtl;false;true;false
471510;4.09;0;0;278.78;ltr;false;true;false
471600;4.09;0;0;278.78;ltr;false;true;false
472410;8.44;0;0;278.59;ltr;false;false;false
472500;8.44;0;0;278.59;ltr;false;false;false
473310;6.38;0;0;278.41;ltr;false;false;false
473400;6.38;0;0;278.41;ltr;false;false;false
474210;1.88;0;0;278.36;ltr;false;false;false
474300;1.88;0;0;278.36;ltr;false;false;false
475110;5.48;0;0;278.3;ltr;false;false;false
475200;5.48;0;0;278.3;ltr;false;false;false
476010;3.87;0;0;278.25;ltr;false;false;false
476100;3.87;0;0;278.25;ltr;false;false;false
476910;1.7;0;0;278.2;ltr;false;false;false
477000;1.7;0;0;278.2;ltr;false;false;false
477810;9.17;0;0;278.2;ltr;false;false;false
477900;9.17;0;0;278.2;ltr;false;false;false
478710;9;0;0;278.2;ltr;false;false;false
478800;9;0;0;278.2;ltr;false;false;false
479610;8.27;0;0;278.2;ltr;false;false;false
479700;8.27;0;0;278.2;ltr;false;false;false
480510;2.82;0;0;278.2;ltr;false;false;false
480600;2.82;0;0;278.2;ltr;false;false;false
481410;10.57;0;0;278.19;ltr;false;false;false
481500;10.57;0;0;278.19;ltr;false;false;false
482310;-2.2;0;0;278.17;rtl;false;true;false
482400;-2.2;0;0;278.17;rtl;false;true;false
483210;4.69;0;0;278.16;ltr;false;true;false
483300;4.69;0;0;278.16;ltr;false;true;false
484110;10.54;0;0;278.15;ltr;false;false;false
484200;10.54;0;0;278.15;ltr;false;false;false
485010;1.93;0;0;278.06;ltr;false;false;false
485100;1.93;0;0;278.06;ltr;false;false;false
485910;11.1;0;0;277.98;ltr;false;false;false
486000;11.1;0;0;277.98;ltr;false;false;false
486810;8.79;0;0;277.9;ltr;false;false;false
486900;8.79;0;0;277.9;ltr;false;false;false
487710;-4.57;0;0;277.81;rtl;false;true;false
487800;-4.57;0;0;277.81;rtl;false;true;false
488610;-3.17;0;0;277.94;rtl;false;false;false
488700;-3.17;0;0;277.94;rtl;false;false;false
489510;13.04;0;0;278.07;ltr;false;true;false
489600;13.04;0;0;278.07;ltr;false;true;false
490410;11.36;0;0;278.2;ltr;false;false;false
490500;11.36;0;0;278.2;ltr;false;false;false
491310;14.1;0;0;278.33;ltr;false;false;false
491400;14.1;0;0;278.33;ltr;false;false;false
492210;-0.24;0;0;278.41;rtl;false;true;false
492300;-0.24;0;0;278.41;rtl;false;true;false
493110;12.29;0;0;278.5;ltr;false;true;false
493200;12.29;0;0;278.5;ltr;false;true;false
494010;10.64;0;0;278.58;ltr;false;false;false
494100;10.64;0;0;278.58;ltr;false;false;false
494910;8.92;0;0;278.66;ltr;false;false;false
495000;8.92;0;0;278.66;ltr;false;false;false
495810;-5.44;0;0;278.61;rtl;false;true;false
495900;-5.44;0;0;278.61;rtl;false;true;false
496710;-5.18;0;0;278.55;rtl;false;false;false
496800;-5.18;0;0;278.55;rtl;false;false;false
497610;-2.99;0;0;278.49;rtl;false;false;false
497700;-2.99;0;0;278.49;rtl;false;false;false
498510;-8.37;0;0;278.43;rtl;false;false;false
498600;-8.37;0;0;278.43;rtl;false;false;false
499410;6.21;0;0;278.36;ltr;false;true;false
499500;6.21;0;0;278.36;ltr;false;true;false
500310;9.97;0;0;278.29;ltr;false;false;false
500400;9.97;0;0;278.29;ltr;false;false;false
501210;6.57;0;0;278.22;ltr;false;false;false
501300;6.57;0;0;278.22;ltr;false;false;false
502110;9.8;0;0;278.15;ltr;false;false;false
502200;9.8;0;0;278.15;ltr;false;false;false
503010;-7.24;0;0;278.11;rtl;false;true;false
503100;-7.24;0;0;278.11;rtl;false;true;false
503910;1.06;0;0;278.07;ltr;false;true;false
504000;1.06;0;0;278.07;ltr;false;true;false
504810;5.41;0;0;278.03;ltr;false;true;false
504900;5.41;0;0;278.03;ltr;false;true;false
505710;-3.63;0;0;277.99;rtl;false;true;false
505800;-3.63;0;0;277.99;rtl;false;true;false
506610;-3.45;0;0;277.97;rtl;false;false;false
506700;-3.45;0;0;277.97;rtl;false;false;false
507510;5.6;0;0;277.96;ltr;false;true;false
507600;5.6;0;0;277.96;ltr;false;true;false
508410;4.12;0;0;277.94;ltr;false;false;false
508500;4.12;0;0;277.94;ltr;false;false;false
509310;-5.54;0;0;277.92;rtl;false;true;false
509400;-5.54;0;0;277.92;rtl;false;true;false
510210;-4.27;0;0;277.85;rtl;false;false;false
510300;-4.27;0;0;277.85;rtl;false;false;false
511110;3.29;0;0;277.79;ltr;false;true;false
511200;3.29;0;0;277.79;ltr;false;true;false
512010;10.24;0;0;277.72;ltr;false;false;false
512100;10.24;0;0;277.72;ltr;false;false;false
512910;3.43;0;0;277.66;ltr;false;false;false
513000;3.43;0;0;277.66;ltr;false;false;false
513810;-3.39;0;0;277.7;rtl;false;true;false
513900;-3.39;0;0;277.7;rtl;false;true;false
514710;-9.89;0;0;277.75;rtl;false;false;false
514800;-9.89;0;0;277.75;rtl;false;false;false
515610;-8.16;0;0;277.79;rtl;false;false;false
515700;-8.16;0;0;277.79;rtl;false;false;false
516510;7.24;0;0;277.84;ltr;false;true;false
516600;7.24;0;0;277.84;ltr;false;true;false
517410;12.4;0;0;277.85;ltr;false;false;false
517500;12.4;0;0;277.85;ltr;false;false;false
518310;8.27;0;0;277.86;ltr;false;false;false
518400;8.27;0;0;277.86;ltr;false;false;false
519210;-8.81;0;0;277.88;rtl;false;true;false
519300;-8.81;0;0;277.88;rtl;false;true;false
520110;13.01;0;0;277.89;ltr;false;true;false
520200;13.01;0;0;277.89;ltr;false;true;false
521010;12.32;0;0;277.94;ltr;false;false;false
521100;12.32;0;0;277.94;ltr;false;false;false
521910;-10.49;0;0;277.98;rtl;false;true;false
522000;-10.49;0;0;277.98;rtl;false;true;false
522810;-1.1;0;0;278.03;rtl;false;false;false
522900;-1.1;0;0;278.03;rtl;false;false;false
523710;10.48;0;0;278.07;ltr;false;true;false
523800;10.48;0;0;278.07;ltr;false;true;false
524610;14.65;0;0;278.06;ltr;false;false;false
524700;14.65;0;0;278.06;ltr;false;false;false
525510;14.36;0;0;278.04;ltr;false;false;false
525600;14.36;0;0;278.04;ltr;false;false;false
526410;-3.36;0;0;278.03;rtl;false;true;false
526500;-3.36;0;0;278.03;rtl;false;true;false
527310;-13.82;0;0;278.02;rtl;false;false;false
527400;-13.82;0;0;278.02;rtl;false;false;false
528210;-12.33;0;0;278.04;rtl;false;false;false
528300;-12.33;0;0;278.04;rtl;false;false;false
529110;-10.03;0;0;278.07;rtl;false;false;false
529200;-10.03;0;0;278.07;rtl;false;false;false
530010;-12.06;0;0;278.1;rtl;false;false;false
530100;-12.06;0;0;278.1;rtl;false;false;false
530910;-8.27;0;0;278.12;rtl;false;false;false
531000;-8.27;0;0;278.12;rtl;false;false;false
531810;1.57;0;0;278.05;ltr;false;true;false
531900;1.57;0;0;278.05;ltr;false;true;false
532710;-11.05;0;0;277.97;rtl;false;true;false
532800;-11.05;0;0;277.97;rtl;false;true;false
533610;-13.39;0;0;277.89;rtl;false;false;false
533700;-13.39;0;0;277.89;rtl;false;false;false
534510;-10.24;0;0;277.81;rtl;false;false;false
534600;-10.24;0;0;277.81;rtl;false;false;false
535410;11.58;0;0;277.66;ltr;false;true;false
535500;11.58;0;0;277.66;ltr;false;true;false
536310;-11.02;0;0;277.5;rtl;false;true;false
536400;-11.02;0;0;277.5;rtl;false;true;false
537210;8.58;0;0;277.34;ltr;false;true;false
537300;8.58;0;0;277.34;ltr;false;true;false
538110;6.21;0;0;277.19;ltr;false;false;false
538200;6.21;0;0;277.19;ltr;false;false;false
539010;0.53;0;0;277.12;ltr;false;false;false
539100;0.53;0;0;277.12;ltr;false;false;false
539910;0.11;0;0;277.06;ltr;false;true;false
540000;0.11;0;0;277.06;ltr;false;true;false
540810;-1;0;0;276.99;rtl;false;true;false
540900;-1;0;0;276.99;rtl;false;true;false
541710;0;0;0;276.92;ltr;false;true;true
541800;0;0;0;276.92;ltr;false;true;true
542610;0;0;0;276.88;ltr;false;false;true
542700;0;0;0;276.88;ltr;false;false;true
543510;0;0;0;276.83;ltr;false;false;true
543600;0;0;0;276.83;ltr;false;false;true
544410;-0.1;0;0;276.79;rtl;false;true;false
544500;-0.1;0;0;276.79;rtl;false;true;false
545310;-0.37;0;0;276.74;rtl;false;false;false
545400;-0.37;0;0;276.74;rtl;false;false;false
546210;-0.09;0;0;276.67;rtl;false;false;false
546300;-0.09;0;0;276.67;rtl;false;false;false
547110;-0.09;0;0;276.61;rtl;false;false;false
547200;-0.09;0;0;276.61;rtl;false;false;false
548010;-0.09;0;0;276.54;rtl;false;false;false
548100;-0.09;0;0;276.54;rtl;false;false;false
548910;-0.1;0;0;276.48;rtl;false;false;false
549000;-0.1;0;0;276.48;rtl;false;false;false
549810;0.75;0;0;276.44;ltr;false;true;false
549900;0.75;0;0;276.44;ltr;false;true;false
550710;2.12;0;0;276.4;ltr;false;false;false
550800;2.12;0;0;276.4;ltr;false;false;false
551610;0.06;0;0;276.36;ltr;false;false;false
551700;0.06;0;0;276.36;ltr;false;false;false
552510;0;0;0;276.32;ltr;false;false;true
552600;0;0;0;276.32;ltr;false;false;true
553410;0;0;0;276.32;ltr;false;false;true
553500;0;0;0;276.32;ltr;false;false;true
554310;0;0;0;276.33;ltr;false;false;true
554400;0;0;0;276.33;ltr;false;false;true
555210;0.1;0;0;276.34;ltr;false;false;false
555300;0.1;0;0;276.34;ltr;false;false;false
556110;0.49;0;0;276.34;ltr;false;false;false
556200;0.49;0;0;276.34;ltr;false;false;false
557010;0.36;0;0;276.38;ltr;false;false;false
557100;0.36;0;0;276.38;ltr;false;false;false
557910;0.6;0;0;276.41;ltr;false;false;false
558000;0.6;0;0;276.41;ltr;false;false;false
558810;0.4;0;0;276.44;ltr;false;false;false
558900;0.4;0;0;276.44;ltr;false;false;false
559710;0.4;0;0;276.48;ltr;false;false;false
559800;0.4;0;0;276.48;ltr;false;false;false
560610;0.39;0;0;276.52;ltr;false;false;false
560700;0.39;0;0;276.52;ltr;false;false;false
561510;0.59;0;0;276.56;ltr;false;false;false
561600;0.59;0;0;276.56;ltr;false;false;false
562410;2.09;0;0;276.6;ltr;false;false;false
562500;2.09;0;0;276.6;ltr;false;false;false
563310;1.46;0;0;276.64;ltr;false;false;false
563400;1.46;0;0;276.64;ltr;false;false;false
564210;0.89;0;0;276.77;ltr;false;false;false
564300;0.89;0;0;276.77;ltr;false;false;false
565110;1.55;0;0;276.9;ltr;false;false;false
565200;1.55;0;0;276.9;ltr;false;false;false
566010;1.8;0;0;277.03;ltr;false;false;false
566100;1.8;0;0;277.03;ltr;false;false;false
566910;-0.67;0;0;277.16;rtl;false;true;false
567000;-0.67;0;0;277.16;rtl;false;true;false
567810;2.93;0;0;277.15;ltr;false;true;false
567900;2.93;0;0;277.15;ltr;false;true;false
568710;3.72;0;0;277.15;ltr;false;false;false
568800;3.72;0;0;277.15;ltr;false;false;false
569610;3.66;0;0;277.14;ltr;false;false;false
569700;3.66;0;0;277.14;ltr;false;false;false
570510;3.6;0;0;277.14;ltr;false;false;false
570600;3.6;0;0;277.14;ltr;false;false;false
571410;3.89;0;0;277.19;ltr;false;false;false
571500;3.89;0;0;277.19;ltr;false;false;false
572310;6.48;0;0;277.24;ltr;false;false;false
572400;6.48;0;0;277.24;ltr;false;false;false
573210;6.3;0;0;277.29;ltr;false;false;false
573300;6.3;0;0;277.29;ltr;false;false;false
574110;5.87;0;0;277.34;ltr;false;false;false
574200;5.87;0;0;277.34;ltr;false;false;false
575010;3.37;0;0;277.36;ltr;false;false;false
575100;3.37;0;0;277.36;ltr;false;false;false
575910;5.6;0;0;277.37;ltr;false;false;false
576000;5.6;0;0;277.37;ltr;false;false;false
576810;7.23;0;0;277.38;ltr;false;false;false
576900;7.23;0;0;277.38;ltr;false;false;false
577710;7.96;0;0;277.4;ltr;false;false;false
577800;7.96;0;0;277.4;ltr;false;false;false
578610;8.1;0;0;277.33;ltr;false;false;false
578700;8.1;0;0;277.33;ltr;false;false;false
579510;3.24;0;0;277.27;ltr;false;false;false
579600;3.24;0;0;277.27;ltr;false;false;false
580410;6.12;0;0;277.2;ltr;false;false;false
580500;6.12;0;0;277.2;ltr;false;false;false
581310;4.29;0;0;277.14;ltr;false;false;false
581400;4.29;0;0;277.14;ltr;false;false;false
582210;3.78;0;0;277.15;ltr;false;false;false
582300;3.78;0;0;277.15;ltr;false;false;false
583110;5.82;0;0;277.17;ltr;false;false;false
583200;5.82;0;0;277.17;ltr;false;false;false
584010;6.92;0;0;277.19;ltr;false;false;false
584100;6.92;0;0;277.19;ltr;false;false;false
584910;6.92;0;0;277.21;ltr;false;false;false
585000;6.92;0;0;277.21;ltr;false;false;false
585810;5.98;0;0;277.19;ltr;false;false;false
585900;5.98;0;0;277.19;ltr;false;false;false
586710;-3.11;0;0;277.16;rtl;false;true;false
586800;-3.11;0;0;277.16;rtl;false;true;false
587610;-5.62;0;0;277.13;rtl;false;false;false
587700;-5.62;0;0;277.13;rtl;false;false;false
588510;0.17;0;0;277.11;ltr;false;true;false
588600;0.17;0;0;277.11;ltr;false;true;false
589410;11.21;0;0;277.11;ltr;false;false;false
589500;11.21;0;0;277.11;ltr;false;false;false
590310;10.29;0;0;277.12;ltr;false;false;false
590400;10.29;0;0;277.12;ltr;false;false;false
591210;-1.81;0;0;277.13;rtl;false;true;false
591300;-1.81;0;0;277.13;rtl;false;true;false
592110;2.36;0;0;277.14;ltr;false;true;false
592200;2.36;0;0;277.14;ltr;false;true;false
593010;2.37;0;0;276.83;ltr;false;false;false
593100;2.37;0;0;276.83;ltr;false;false;false
593910;-9.3;0;0;276.53;rtl;false;true;false
594000;-9.3;0;0;276.53;rtl;false;true;false
594810;-5.86;0;0;276.22;rtl;false;false;false
594900;-5.86;0;0;276.22;rtl;false;false;false
595710;1.98;0;0;275.92;ltr;false;true;false
595800;1.98;0;0;275.92;ltr;false;true;false
596610;2.28;0;0;276.12;ltr;false;false;false
596700;2.28;0;0;276.12;ltr;false;false;false
597510;7.34;0;0;276.32;ltr;false;false;false
597600;7.34;0;0;276.32;ltr;false;false;false
598410;4.93;0;0;276.52;ltr;false;false;false
598500;4.93;0;0;276.52;ltr;false;false;false
599310;0.61;0;0;276.71;ltr;false;false;false
599400;0.61;0;0;276.71;ltr;false;false;false
600210;3.92;0;0;276.78;ltr;false;false;false
600300;3.92;0;0;276.78;ltr;false;false;false
601110;-0.63;0;0;276.85;rtl;false;true;false
601200;-0.63;0;0;276.85;rtl;false;true;false
602010;4.22;0;0;276.91;ltr;false;true;false
602100;4.22;0;0;276.91;ltr;false;true;false
602910;2.98;0;0;276.98;ltr;false;false;false
603000;2.98;0;0;276.98;ltr;false;false;false
603810;-0.85;0;0;277.07;rtl;false;true;false
603900;-0.85;0;0;277.07;rtl;false;true;false
604710;3.06;0;0;277.16;ltr;false;true;false
604800;3.06;0;0;277.16;ltr;false;true;false
605610;1.64;0;0;277.25;ltr;false;false;false
605700;1.64;0;0;277.25;ltr;false;false;false
606510;-0.27;0;0;277.34;rtl;false;true;false
606600;-0.27;0;0;277.34;rtl;false;true;false
607410;2.95;0;0;277.49;ltr;false;true;false
607500;2.95;0;0;277.49;ltr;false;true;false
608310;2.64;0;0;277.63;ltr;false;false;false
608400;2.64;0;0;277.63;ltr;false;false;false
609210;3.34;0;0;277.77;ltr;false;false;false
609300;3.34;0;0;277.77;ltr;false;false;false
610110;4.53;0;0;277.92;ltr;false;false;false
610200;4.53;0;0;277.92;ltr;false;false;false
611010;2.95;0;0;277.9;ltr;false;false;false
611100;2.95;0;0;277.9;ltr;false;false;false
611910;3.14;0;0;277.89;ltr;false;false;false
612000;3.14;0;0;277.89;ltr;false;false;false
612810;-0.37;0;0;277.88;rtl;false;true;false
612900;-0.37;0;0;277.88;rtl;false;true;false
613710;5.35;0;0;277.86;ltr;false;true;false
613800;5.35;0;0;277.86;ltr;false;true;false
614610;4.4;0;0;277.87;ltr;false;false;false
614700;4.4;0;0;277.87;ltr;false;false;false
615510;3.94;0;0;277.88;ltr;false;false;false
615600;3.94;0;0;277.88;ltr;false;false;false
616410;5.66;0;0;277.88;ltr;false;false;false
616500;5.66;0;0;277.88;ltr;false;false;false
617310;5.5;0;0;277.89;ltr;false;false;false
617400;5.5;0;0;277.89;ltr;false;false;false
618210;4.41;0;0;277.92;ltr;false;false;false
618300;4.41;0;0;277.92;ltr;false;false;false
619110;2.59;0;0;277.95;ltr;false;false;false
619200;2.59;0;0;277.95;ltr;false;false;false
620010;3.75;0;0;277.99;ltr;false;false;false
620100;3.75;0;0;277.99;ltr;false;false;false
620910;4.96;0;0;278.02;ltr;false;false;false
621000;4.96;0;0;278.02;ltr;false;false;false
621810;6.35;0;0;277.97;ltr;false;false;false
621900;6.35;0;0;277.97;ltr;false;false;false
622710;7.17;0;0;277.92;ltr;false;false;false
622800;7.17;0;0;277.92;ltr;false;false;false
623610;6.86;0;0;277.86;ltr;false;false;false
623700;6.86;0;0;277.86;ltr;false;false;false
624510;6.08;0;0;277.81;ltr;false;false;false
624600;6.08;0;0;277.81;ltr;false;false;false
625410;4.44;0;0;277.77;ltr;false;false;false
625500;4.44;0;0;277.77;ltr;false;false;false
626310;5.48;0;0;277.73;ltr;false;false;false
626400;5.48;0;0;277.73;ltr;false;false;false
627210;4.95;0;0;277.7;ltr;false;false;false
627300;4.95;0;0;277.7;ltr;false;false;false
628110;5.18;0;0;277.66;ltr;false;false;false
628200;5.18;0;0;277.66;ltr;false;false;false
629010;6.16;0;0;277.62;ltr;false;false;false
629100;6.16;0;0;277.62;ltr;false;false;false
629910;3.66;0;0;277.59;ltr;false;false;false
630000;3.66;0;0;277.59;ltr;false;false;false
630810;3.38;0;0;277.56;ltr;false;false;false
630900;3.38;0;0;277.56;ltr;false;false;false
631710;5.22;0;0;277.53;ltr;false;false;false
631800;5.22;0;0;277.53;ltr;false;false;false
632610;5.43;0;0;277.52;ltr;false;false;false
632700;5.43;0;0;277.52;ltr;false;false;false
633510;-2.22;0;0;277.51;rtl;false;true;false
633600;-2.22;0;0;277.51;rtl;false;true;false
634410;7.73;0;0;277.51;ltr;false;true;false
634500;7.73;0;0;277.51;ltr;false;true;false
635310;0.94;0;0;277.5;ltr;false;false;false
635400;0.94;0;0;277.5;ltr;false;false;false
636210;5.94;0;0;277.43;ltr;false;false;false
636300;5.94;0;0;277.43;ltr;false;false;false
637110;5.99;0;0;277.36;ltr;false;false;false
637200;5.99;0;0;277.36;ltr;false;false;false
638010;6.2;0;0;277.28;ltr;false;false;false
638100;6.2;0;0;277.28;ltr;false;false;false
638910;4.31;0;0;277.21;ltr;false;false;false
639000;4.31;0;0;277.21;ltr;false;false;false
639810;5.5;0;0;277.13;ltr;false;false;false
639900;5.5;0;0;277.13;ltr;false;false;false
640710;3.18;0;0;277.06;ltr;false;false;false
640800;3.18;0;0;277.06;ltr;false;false;false
641610;2.19;0;0;276.98;ltr;false;false;false
641700;2.19;0;0;276.98;ltr;false;false;false
642510;-0.38;0;0;276.9;rtl;false;true;false
642600;-0.38;0;0;276.9;rtl;false;true;false
643410;-2.76;0;0;276.84;rtl;false;false;false
643500;-2.76;0;0;276.84;rtl;false;false;false
644310;-4.02;0;0;276.78;rtl;false;false;false
644400;-4.02;0;0;276.78;rtl;false;false;false
645210;-1.6;0;0;276.72;rtl;false;false;false
645300;-1.6;0;0;276.72;rtl;false;false;false
646110;0.41;0;0;276.66;ltr;false;true;false
646200;0.41;0;0;276.66;ltr;false;true;false
647010;0.39;0;0;276.77;ltr;false;false;false
647100;0.39;0;0;276.77;ltr;false;false;false
647910;-2.2;0;0;276.87;rtl;false;true;false
648000;-2.2;0;0;276.87;rtl;false;true;false
648810;0.57;0;0;276.98;ltr;false;true;false
648900;0.57;0;0;276.98;ltr;false;true;false
649710;-0.6;0;0;277.08;rtl;false;true;false
649800;-0.6;0;0;277.08;rtl;false;true;false
650610;1.66;0;0;277.02;ltr;false;true;false
650700;1.66;0;0;277.02;ltr;false;true;false
651510;5.38;0;0;276.96;ltr;false;false;false
651600;5.38;0;0;276.96;ltr;false;false;false
652410;-4.95;0;0;276.9;rtl;false;true;false
652500;-4.95;0;0;276.9;rtl;false;true;false
653310;-5.37;0;0;276.85;rtl;false;false;false
653400;-5.37;0;0;276.85;rtl;false;false;false
654210;4.09;0;0;276.81;ltr;false;true;false
654300;4.09;0;0;276.81;ltr;false;true;false
655110;-4.56;0;0;276.78;rtl;false;true;false
655200;-4.56;0;0;276.78;rtl;false;true;false
