0;3.61;0;0;276.03;ltr;false;false;false
90;3.61;0;0;276.03;ltr;false;false;false
810;-11.34;0;0;275.99;rtl;false;true;false
900;-11.34;0;0;275.99;rtl;false;true;false
1710;-9.70;0;0;275.86;rtl;false;false;false
1800;-9.70;0;0;275.86;rtl;false;false;false
2610;-9.16;0;0;275.72;rtl;false;false;false
2700;-9.16;0;0;275.72;rtl;false;false;false
3510;-9.39;0;0;275.59;rtl;false;false;false
3600;-9.39;0;0;275.59;rtl;false;false;false
4410;-9.24;0;0;275.46;rtl;false;false;false
4500;-9.24;0;0;275.46;rtl;false;false;false
5310;-11.41;0;0;275.32;rtl;false;false;false
5400;-11.41;0;0;275.32;rtl;false;false;false
6210;-8.96;0;0;275.18;rtl;false;false;false
6300;-8.96;0;0;275.18;rtl;false;false;false
7110;-8.15;0;0;275.03;rtl;false;false;false
7200;-8.15;0;0;275.03;rtl;false;false;false
8010;-7.24;0;0;274.89;rtl;false;false;false
8100;-7.24;0;0;274.89;rtl;false;false;false
8910;-8.17;0;0;274.77;rtl;false;false;false
9000;-8.17;0;0;274.77;rtl;false;false;false
9810;-5.07;0;0;274.65;rtl;false;false;false
9900;-5.07;0;0;274.65;rtl;false;false;false
10710;-6.34;0;0;274.53;rtl;false;false;false
10800;-6.34;0;0;274.53;rtl;false;false;false
11610;-6.26;0;0;274.41;rtl;false;false;false
11700;-6.26;0;0;274.41;rtl;false;false;false
12510;-6.70;0;0;274.47;rtl;false;false;false
12600;-6.70;0;0;274.47;rtl;false;false;false
13410;-6.81;0;0;274.54;rtl;false;false;false
13500;-6.81;0;0;274.54;rtl;false;false;false
14310;-8.11;0;0;274.61;rtl;false;false;false
14400;-8.11;0;0;274.61;rtl;false;false;false
15210;-7.08;0;0;274.68;rtl;false;false;false
15300;-7.08;0;0;274.68;rtl;false;false;false
16110;-8.49;0;0;274.73;rtl;false;false;false
16200;-8.49;0;0;274.73;rtl;false;false;false
17010;-8.27;0;0;274.77;rtl;false;false;false
17100;-8.27;0;0;274.77;rtl;false;false;false
17910;-8.05;0;0;274.82;rtl;false;false;false
18000;-8.05;0;0;274.82;rtl;false;false;false
18810;-7.92;0;0;274.87;rtl;false;false;false
18900;-7.92;0;0;274.87;rtl;false;false;false
19710;-6.46;0;0;274.85;rtl;false;false;false
19800;-6.46;0;0;274.85;rtl;false;false;false
20610;-5.79;0;0;274.83;rtl;false;false;false
20700;-5.79;0;0;274.83;rtl;false;false;false
21510;-6.09;0;0;274.81;rtl;false;false;false
21600;-6.09;0;0;274.81;rtl;false;false;false
22410;-6.25;0;0;274.79;rtl;false;false;false
22500;-6.25;0;0;274.79;rtl;false;false;false
23310;-6.75;0;0;274.70;rtl;false;false;false
23400;-6.75;0;0;274.70;rtl;false;false;false
24210;-8.52;0;0;274.62;rtl;false;false;false
24300;-8.52;0;0;274.62;rtl;false;false;false
25110;-5.66;0;0;274.54;rtl;false;false;false
25200;-5.66;0;0;274.54;rtl;false;false;false
26010;-7.28;0;0;274.46;rtl;false;false;false
26100;-7.28;0;0;274.46;rtl;false;false;false
26910;-7.57;0;0;274.50;rtl;false;false;false
27000;-7.57;0;0;274.50;rtl;false;false;false
27810;-6.47;0;0;274.54;rtl;false;false;false
27900;-6.47;0;0;274.54;rtl;false;false;false
28710;-6.60;0;0;274.58;rtl;false;false;false
28800;-6.60;0;0;274.58;rtl;false;false;false
29610;-7.67;0;0;274.62;rtl;false;false;false
29700;-7.67;0;0;274.62;rtl;false;false;false
30510;-7.60;0;0;274.86;rtl;false;false;false
30600;-7.60;0;0;274.86;rtl;false;false;false
31410;-8.64;0;0;275.09;rtl;false;false;false
31500;-8.64;0;0;275.09;rtl;false;false;false
32310;-8.29;0;0;275.33;rtl;false;false;false
32400;-8.29;0;0;275.33;rtl;false;false;false
33210;-8.69;0;0;275.56;rtl;false;false;false
33300;-8.69;0;0;275.56;rtl;false;false;false
34110;-9.06;0;0;275.52;rtl;false;false;false
34200;-9.06;0;0;275.52;rtl;false;false;false
35010;-9.19;0;0;275.47;rtl;false;false;false
35100;-9.19;0;0;275.47;rtl;false;false;false
35910;-11.22;0;0;275.42;rtl;false;false;false
36000;-11.22;0;0;275.42;rtl;false;false;false
36810;-9.52;0;0;275.38;rtl;false;false;false
36900;-9.52;0;0;275.38;rtl;false;false;false
37710;-8.32;0;0;275.40;rtl;false;false;false
37800;-8.32;0;0;275.40;rtl;false;false;false
38610;-5.35;0;0;275.42;rtl;false;false;false
38700;-5.35;0;0;275.42;rtl;false;false;false
39510;-8.13;0;0;275.44;rtl;false;false;false
39600;-8.13;0;0;275.44;rtl;false;false;false
40410;-7.96;0;0;275.46;rtl;false;false;false
40500;-7.96;0;0;275.46;rtl;false;false;false
41310;-7.54;0;0;275.58;rtl;false;false;false
41400;-7.54;0;0;275.58;rtl;false;false;false
42210;-8.57;0;0;275.70;rtl;false;false;false
42300;-8.57;0;0;275.70;rtl;false;false;false
43110;-9.67;0;0;275.82;rtl;false;false;false
43200;-9.67;0;0;275.82;rtl;false;false;false
44010;-8.64;0;0;275.94;rtl;false;false;false
44100;-8.64;0;0;275.94;rtl;false;false;false
44910;-7.75;0;0;276.04;rtl;false;false;false
45000;-7.75;0;0;276.04;rtl;false;false;false
45810;-9.68;0;0;276.13;rtl;false;false;false
45900;-9.68;0;0;276.13;rtl;false;false;false
46710;-8.83;0;0;276.23;rtl;false;false;false
46800;-8.83;0;0;276.23;rtl;false;false;false
47610;-9.94;0;0;276.33;rtl;false;false;false
47700;-9.94;0;0;276.33;rtl;false;false;false
48510;-9.47;0;0;276.37;rtl;false;false;false
48600;-9.47;0;0;276.37;rtl;false;false;false
49410;-8.67;0;0;276.40;rtl;false;false;false
49500;-8.67;0;0;276.40;rtl;false;false;false
50310;-8.74;0;0;276.43;rtl;false;false;false
50400;-8.74;0;0;276.43;rtl;false;false;false
51210;-8.55;0;0;276.46;rtl;false;false;false
51300;-8.55;0;0;276.46;rtl;false;false;false
52110;-0.46;0;0;276.53;rtl;false;false;false
52200;-0.46;0;0;276.53;rtl;false;false;false
53010;7.91;0;0;276.60;ltr;false;true;false
53100;7.91;0;0;276.60;ltr;false;true;false
53910;0.68;0;0;276.66;ltr;false;false;false
54000;0.68;0;0;276.66;ltr;false;false;false
54810;7.97;0;0;276.73;ltr;false;false;false
54900;7.97;0;0;276.73;ltr;false;false;false
55710;9.12;0;0;276.88;ltr;false;false;false
55800;9.12;0;0;276.88;ltr;false;false;false
56610;8.22;0;0;277.04;ltr;false;false;false
56700;8.22;0;0;277.04;ltr;false;false;false
57510;6.54;0;0;277.20;ltr;false;false;false
57600;6.54;0;0;277.20;ltr;false;false;false
58410;5.20;0;0;277.35;ltr;false;false;false
58500;5.20;0;0;277.35;ltr;false;false;false
59310;4.54;0;0;277.41;ltr;false;false;false
59400;4.54;0;0;277.41;ltr;false;false;false
60210;3.59;0;0;277.47;ltr;false;false;false
60300;3.59;0;0;277.47;ltr;false;false;false
61110;1.83;0;0;277.53;ltr;false;false;false
61200;1.83;0;0;277.53;ltr;false;false;false
62010;1.91;0;0;277.59;ltr;false;false;false
62100;1.91;0;0;277.59;ltr;false;false;false
62910;-1.16;0;0;277.62;rtl;false;true;false
63000;-1.16;0;0;277.62;rtl;false;true;false
63810;0.64;0;0;277.65;ltr;false;true;false
63900;0.64;0;0;277.65;ltr;false;true;false
64710;-0.29;0;0;277.69;rtl;false;true;false
64800;-0.29;0;0;277.69;rtl;false;true;false
65610;0.97;0;0;277.72;ltr;false;true;false
65700;0.97;0;0;277.72;ltr;false;true;false
66510;0.65;0;0;277.75;ltr;false;false;false
66600;0.65;0;0;277.75;ltr;false;false;false
67410;1.50;0;0;277.78;ltr;false;false;false
67500;1.50;0;0;277.78;ltr;false;false;false
68310;-0.32;0;0;277.81;rtl;false;true;false
68400;-0.32;0;0;277.81;rtl;false;true;false
69210;1.46;0;0;277.85;ltr;false;true;false
69300;1.46;0;0;277.85;ltr;false;true;false
70110;0.12;0;0;277.75;ltr;false;false;false
70200;0.12;0;0;277.75;ltr;false;false;false
71010;0.19;0;0;277.65;ltr;false;false;false
71100;0.19;0;0;277.65;ltr;false;false;false
71910;1.60;0;0;277.56;ltr;false;false;false
72000;1.60;0;0;277.56;ltr;false;false;false
72810;1.24;0;0;277.46;ltr;false;false;false
72900;1.24;0;0;277.46;ltr;false;false;false
73710;2.07;0;0;277.23;ltr;false;false;false
73800;2.07;0;0;277.23;ltr;false;false;false
74610;1.70;0;0;277.00;ltr;false;false;false
74700;1.70;0;0;277.00;ltr;false;false;false
75510;0.21;0;0;276.77;ltr;false;false;false
75600;0.21;0;0;276.77;ltr;false;false;false
76410;0.18;0;0;276.54;ltr;false;false;false
76500;0.18;0;0;276.54;ltr;false;false;false
77310;0.05;0;0;276.60;ltr;false;false;false
77400;0.05;0;0;276.60;ltr;false;false;false
78210;0.27;0;0;276.65;ltr;false;false;false
78300;0.27;0;0;276.65;ltr;false;false;false
79110;-0.60;0;0;276.70;rtl;false;true;false
79200;-0.60;0;0;276.70;rtl;false;true;false
80010;0.91;0;0;276.75;ltr;false;true;false
80100;0.91;0;0;276.75;ltr;false;true;false
80910;1.97;0;0;276.86;ltr;false;false;false
81000;1.97;0;0;276.86;ltr;false;false;false
81810;-1.57;0;0;276.96;rtl;false;true;false
81900;-1.57;0;0;276.96;rtl;false;true;false
82710;2.47;0;0;277.07;ltr;false;true;false
82800;2.47;0;0;277.07;ltr;false;true;false
83610;3.38;0;0;277.17;ltr;false;false;false
83700;3.38;0;0;277.17;ltr;false;false;false
84510;0.80;0;0;277.21;ltr;false;false;false
84600;0.80;0;0;277.21;ltr;false;false;false
85410;2.59;0;0;277.25;ltr;false;false;false
85500;2.59;0;0;277.25;ltr;false;false;false
86310;2.57;0;0;277.29;ltr;false;false;false
86400;2.57;0;0;277.29;ltr;false;false;false
87210;3.05;0;0;277.33;ltr;false;false;false
87300;3.05;0;0;277.33;ltr;false;false;false
88110;3.41;0;0;277.36;ltr;false;false;false
88200;3.41;0;0;277.36;ltr;false;false;false
89010;2.60;0;0;277.39;ltr;false;false;false
89100;2.60;0;0;277.39;ltr;false;false;false
89910;2.90;0;0;277.43;ltr;false;false;false
90000;2.90;0;0;277.43;ltr;false;false;false
90810;4.29;0;0;277.46;ltr;false;false;false
90900;4.29;0;0;277.46;ltr;false;false;false
91710;3.92;0;0;277.40;ltr;false;false;false
91800;3.92;0;0;277.40;ltr;false;false;false
92610;3.35;0;0;277.34;ltr;false;false;false
92700;3.35;0;0;277.34;ltr;false;false;false
93510;2.49;0;0;277.28;ltr;false;false;false
93600;2.49;0;0;277.28;ltr;false;false;false
94410;5.08;0;0;277.22;ltr;false;false;false
94500;5.08;0;0;277.22;ltr;false;false;false
95310;2.73;0;0;277.21;ltr;false;false;false
95400;2.73;0;0;277.21;ltr;false;false;false
96210;6.40;0;0;277.20;ltr;false;false;false
96300;6.40;0;0;277.20;ltr;false;false;false
97110;7.25;0;0;277.19;ltr;false;false;false
97200;7.25;0;0;277.19;ltr;false;false;false
98010;4.79;0;0;277.17;ltr;false;false;false
98100;4.79;0;0;277.17;ltr;false;false;false
98910;7.56;0;0;277.09;ltr;false;false;false
99000;7.56;0;0;277.09;ltr;false;false;false
99810;10.93;0;0;277.02;ltr;false;false;false
99900;10.93;0;0;277.02;ltr;false;false;false
100710;10.38;0;0;276.94;ltr;false;false;false
100800;10.38;0;0;276.94;ltr;false;false;false
101610;9.90;0;0;276.86;ltr;false;false;false
101700;9.90;0;0;276.86;ltr;false;false;false
102510;6.80;0;0;276.85;ltr;false;false;false
102600;6.80;0;0;276.85;ltr;false;false;false
103410;-5.54;0;0;276.85;rtl;false;true;false
103500;-5.54;0;0;276.85;rtl;false;true;false
104310;-10.83;0;0;276.84;rtl;false;false;false
104400;-10.83;0;0;276.84;rtl;false;false;false
105210;-11.68;0;0;276.83;rtl;false;false;false
105300;-11.68;0;0;276.83;rtl;false;false;false
106110;5.75;0;0;276.82;ltr;false;true;false
106200;5.75;0;0;276.82;ltr;false;true;false
107010;-14.94;0;0;276.81;rtl;false;true;false
107100;-14.94;0;0;276.81;rtl;false;true;false
107910;-13.98;0;0;276.79;rtl;false;false;false
108000;-13.98;0;0;276.79;rtl;false;false;false
108810;-14.75;0;0;276.78;rtl;false;false;false
108900;-14.75;0;0;276.78;rtl;false;false;false
109710;-16.49;0;0;276.69;rtl;false;false;false
109800;-16.49;0;0;276.69;rtl;false;false;false
110610;-15.31;0;0;276.61;rtl;false;false;false
110700;-15.31;0;0;276.61;rtl;false;false;false
111510;-16.61;0;0;276.52;rtl;false;false;false
111600;-16.61;0;0;276.52;rtl;false;false;false
112410;-16.90;0;0;276.44;rtl;false;false;false
112500;-16.90;0;0;276.44;rtl;false;false;false
113310;-15.41;0;0;276.45;rtl;false;false;false
113400;-15.41;0;0;276.45;rtl;false;false;false
114210;-16.23;0;0;276.46;rtl;false;false;false
114300;-16.23;0;0;276.46;rtl;false;false;false
115110;-16.98;0;0;276.48;rtl;false;false;false
115200;-16.98;0;0;276.48;rtl;false;false;false
116010;-16.20;0;0;276.49;rtl;false;false;false
116100;-16.20;0;0;276.49;rtl;false;false;false
116910;-16.76;0;0;276.59;rtl;false;false;false
117000;-16.76;0;0;276.59;rtl;false;false;false
117810;-18.08;0;0;276.69;rtl;false;false;false
117900;-18.08;0;0;276.69;rtl;false;false;false
118710;-19.05;0;0;276.79;rtl;false;false;false
118800;-19.05;0;0;276.79;rtl;false;false;false
119610;-19.22;0;0;276.89;rtl;false;false;false
119700;-19.22;0;0;276.89;rtl;false;false;false
120510;-19.70;0;0;276.79;rtl;false;false;false
120600;-19.70;0;0;276.79;rtl;false;false;false
121410;-20.19;0;0;276.69;rtl;false;false;false
121500;-20.19;0;0;276.69;rtl;false;false;false
122310;-22.58;0;0;276.59;rtl;false;false;false
122400;-22.58;0;0;276.59;rtl;false;false;false
123210;-21.40;0;0;276.49;rtl;false;false;false
123300;-21.40;0;0;276.49;rtl;false;false;false
124110;-20.94;0;0;276.46;rtl;false;false;false
124200;-20.94;0;0;276.46;rtl;false;false;false
125010;-18.81;0;0;276.43;rtl;false;false;false
125100;-18.81;0;0;276.43;rtl;false;false;false
125910;-20.38;0;0;276.39;rtl;false;false;false
126000;-20.38;0;0;276.39;rtl;false;false;false
126810;-22.22;0;0;276.36;rtl;false;false;false
126900;-22.22;0;0;276.36;rtl;false;false;false
127710;-19.70;0;0;276.31;rtl;false;false;false
127800;-19.70;0;0;276.31;rtl;false;false;false
128610;-20.12;0;0;276.25;rtl;false;false;false
128700;-20.12;0;0;276.25;rtl;false;false;false
129510;-19.98;0;0;276.20;rtl;false;false;false
129600;-19.98;0;0;276.20;rtl;false;false;false
130410;-19.33;0;0;276.15;rtl;false;false;false
130500;-19.33;0;0;276.15;rtl;false;false;false
131310;-18.91;0;0;276.31;rtl;false;false;false
131400;-18.91;0;0;276.31;rtl;false;false;false
132210;-18.48;0;0;276.46;rtl;false;false;false
132300;-18.48;0;0;276.46;rtl;false;false;false
133110;-16.69;0;0;276.62;rtl;false;false;false
133200;-16.69;0;0;276.62;rtl;false;false;false
134010;-17.89;0;0;276.78;rtl;false;false;false
134100;-17.89;0;0;276.78;rtl;false;false;false
134910;-19.19;0;0;276.90;rtl;false;false;false
135000;-19.19;0;0;276.90;rtl;false;false;false
135810;-19.42;0;0;277.03;rtl;false;false;false
135900;-19.42;0;0;277.03;rtl;false;false;false
136710;-17.30;0;0;277.15;rtl;false;false;false
136800;-17.30;0;0;277.15;rtl;false;false;false
137610;-17.14;0;0;277.28;rtl;false;false;false
137700;-17.14;0;0;277.28;rtl;false;false;false
138510;-19.29;0;0;277.43;rtl;false;false;false
138600;-19.29;0;0;277.43;rtl;false;false;false
139410;17.49;0;0;277.57;ltr;false;true;false
139500;17.49;0;0;277.57;ltr;false;true;false
140310;-14.78;0;0;277.72;rtl;false;true;false
140400;-14.78;0;0;277.72;rtl;false;true;false
141210;-13.38;0;0;277.87;rtl;false;false;false
141300;-13.38;0;0;277.87;rtl;false;false;false
142110;-12.78;0;0;278.00;rtl;false;false;false
142200;-12.78;0;0;278.00;rtl;false;false;false
143010;-9.67;0;0;278.12;rtl;false;false;false
143100;-9.67;0;0;278.12;rtl;false;false;false
143910;-15.68;0;0;278.24;rtl;false;false;false
144000;-15.68;0;0;278.24;rtl;false;false;false
144810;-0.98;0;0;278.36;rtl;false;false;false
144900;-0.98;0;0;278.36;rtl;false;false;false
145710;-18.71;0;0;278.48;rtl;false;false;false
145800;-18.71;0;0;278.48;rtl;false;false;false
146610;17.27;0;0;278.61;ltr;false;true;false
146700;17.27;0;0;278.61;ltr;false;true;false
147510;9.12;0;0;278.73;ltr;false;false;false
147600;9.12;0;0;278.73;ltr;false;false;false
148410;-17.57;0;0;278.85;rtl;false;true;false
148500;-17.57;0;0;278.85;rtl;false;true;false
149310;14.98;0;0;278.84;ltr;false;true;false
149400;14.98;0;0;278.84;ltr;false;true;false
150210;-0.98;0;0;278.84;rtl;false;true;false
150300;-0.98;0;0;278.84;rtl;false;true;false
151110;8.54;0;0;278.83;ltr;false;true;false
151200;8.54;0;0;278.83;ltr;false;true;false
152010;5.92;0;0;278.82;ltr;false;false;false
152100;5.92;0;0;278.82;ltr;false;false;false
152910;4.18;0;0;278.84;ltr;false;false;false
153000;4.18;0;0;278.84;ltr;false;false;false
153810;5.26;0;0;278.86;ltr;false;false;false
153900;5.26;0;0;278.86;ltr;false;false;false
154710;5.09;0;0;278.88;ltr;false;false;false
154800;5.09;0;0;278.88;ltr;false;false;false
155610;1.03;0;0;278.90;ltr;false;false;false
155700;1.03;0;0;278.90;ltr;false;false;false
156510;-2.55;0;0;278.71;rtl;false;true;false
156600;-2.55;0;0;278.71;rtl;false;true;false
157410;4.09;0;0;278.53;ltr;false;true;false
157500;4.09;0;0;278.53;ltr;false;true;false
158310;8.44;0;0;278.34;ltr;false;false;false
158400;8.44;0;0;278.34;ltr;false;false;false
159210;6.38;0;0;278.16;ltr;false;false;false
159300;6.38;0;0;278.16;ltr;false;false;false
160110;1.88;0;0;278.11;ltr;false;false;false
160200;1.88;0;0;278.11;ltr;false;false;false
161010;5.48;0;0;278.05;ltr;false;false;false
161100;5.48;0;0;278.05;ltr;false;false;false
161910;3.87;0;0;278.00;ltr;false;false;false
162000;3.87;0;0;278.00;ltr;false;false;false
162810;1.70;0;0;277.95;ltr;false;false;false
162900;1.70;0;0;277.95;ltr;false;false;false
163710;9.17;0;0;277.95;ltr;false;false;false
163800;9.17;0;0;277.95;ltr;false;false;false
164610;9.00;0;0;277.95;ltr;false;false;false
164700;9.00;0;0;277.95;ltr;false;false;false
165510;8.27;0;0;277.95;ltr;false;false;false
165600;8.27;0;0;277.95;ltr;false;false;false
166410;2.82;0;0;277.95;ltr;false;false;false
166500;2.82;0;0;277.95;ltr;false;false;false
167310;10.57;0;0;277.94;ltr;false;false;false
167400;10.57;0;0;277.94;ltr;false;false;false
168210;-2.20;0;0;277.92;rtl;false;true;false
168300;-2.20;0;0;277.92;rtl;false;true;false
169110;4.69;0;0;277.91;ltr;false;true;false
169200;4.69;0;0;277.91;ltr;false;true;false
170010;10.54;0;0;277.90;ltr;false;false;false
170100;10.54;0;0;277.90;ltr;false;false;false
170910;1.93;0;0;277.81;ltr;false;false;false
171000;1.93;0;0;277.81;ltr;false;false;false
171810;11.10;0;0;277.73;ltr;false;false;false
171900;11.10;0;0;277.73;ltr;false;false;false
172710;8.79;0;0;277.65;ltr;false;false;false
172800;8.79;0;0;277.65;ltr;false;false;false
173610;-4.57;0;0;277.56;rtl;false;true;false
173700;-4.57;0;0;277.56;rtl;false;true;false
174510;-3.17;0;0;277.69;rtl;false;false;false
174600;-3.17;0;0;277.69;rtl;false;false;false
175410;13.04;0;0;277.82;ltr;false;true;false
175500;13.04;0;0;277.82;ltr;false;true;false
176310;11.36;0;0;277.95;ltr;false;false;false
176400;11.36;0;0;277.95;ltr;false;false;false
177210;14.10;0;0;278.08;ltr;false;false;false
177300;14.10;0;0;278.08;ltr;false;false;false
178110;-0.24;0;0;278.16;rtl;false;true;false
178200;-0.24;0;0;278.16;rtl;false;true;false
179010;12.29;0;0;278.25;ltr;false;true;false
179100;12.29;0;0;278.25;ltr;false;true;false
179910;10.64;0;0;278.33;ltr;false;false;false
180000;10.64;0;0;278.33;ltr;false;false;false
180810;8.92;0;0;278.41;ltr;false;false;false
180900;8.92;0;0;278.41;ltr;false;false;false
181710;-5.44;0;0;278.36;rtl;false;true;false
181800;-5.44;0;0;278.36;rtl;false;true;false
182610;-5.18;0;0;278.30;rtl;false;false;false
182700;-5.18;0;0;278.30;rtl;false;false;false
183510;-2.99;0;0;278.24;rtl;false;false;false
183600;-2.99;0;0;278.24;rtl;false;false;false
184410;-8.37;0;0;278.18;rtl;false;false;false
184500;-8.37;0;0;278.18;rtl;false;false;false
185310;6.21;0;0;278.11;ltr;false;true;false
185400;6.21;0;0;278.11;ltr;false;true;false
186210;9.97;0;0;278.04;ltr;false;false;false
186300;9.97;0;0;278.04;ltr;false;false;false
187110;6.57;0;0;277.97;ltr;false;false;false
187200;6.57;0;0;277.97;ltr;false;false;false
188010;9.80;0;0;277.90;ltr;false;false;false
188100;9.80;0;0;277.90;ltr;false;false;false
188910;-7.24;0;0;277.86;rtl;false;true;false
189000;-7.24;0;0;277.86;rtl;false;true;false
189810;1.06;0;0;277.82;ltr;false;true;false
189900;1.06;0;0;277.82;ltr;false;true;false
190710;5.41;0;0;277.78;ltr;false;false;false
190800;5.41;0;0;277.78;ltr;false;false;false
191610;-3.63;0;0;277.74;rtl;false;true;false
191700;-3.63;0;0;277.74;rtl;false;true;false
192510;-3.45;0;0;277.72;rtl;false;false;false
192600;-3.45;0;0;277.72;rtl;false;false;false
193410;5.60;0;0;277.71;ltr;false;true;false
193500;5.60;0;0;277.71;ltr;false;true;false
194310;4.12;0;0;277.69;ltr;false;false;false
194400;4.12;0;0;277.69;ltr;false;false;false
195210;-5.54;0;0;277.67;rtl;false;true;false
195300;-5.54;0;0;277.67;rtl;false;true;false
196110;-4.27;0;0;277.60;rtl;false;false;false
196200;-4.27;0;0;277.60;rtl;false;false;false
197010;3.29;0;0;277.54;ltr;false;true;false
197100;3.29;0;0;277.54;ltr;false;true;false
197910;10.24;0;0;277.47;ltr;false;false;false
198000;10.24;0;0;277.47;ltr;false;false;false
198810;3.43;0;0;277.41;ltr;false;false;false
198900;3.43;0;0;277.41;ltr;false;false;false
199710;-3.39;0;0;277.45;rtl;false;true;false
199800;-3.39;0;0;277.45;rtl;false;true;false
200610;-9.89;0;0;277.50;rtl;false;false;false
200700;-9.89;0;0;277.50;rtl;false;false;false
201510;-8.16;0;0;277.54;rtl;false;false;false
201600;-8.16;0;0;277.54;rtl;false;false;false
202410;7.24;0;0;277.59;ltr;false;true;false
202500;7.24;0;0;277.59;ltr;false;true;false
203310;12.40;0;0;277.60;ltr;false;false;false
203400;12.40;0;0;277.60;ltr;false;false;false
204210;8.27;0;0;277.61;ltr;false;false;false
204300;8.27;0;0;277.61;ltr;false;false;false
205110;-8.81;0;0;277.63;rtl;false;true;false
205200;-8.81;0;0;277.63;rtl;false;true;false
206010;13.01;0;0;277.64;ltr;false;true;false
206100;13.01;0;0;277.64;ltr;false;true;false
206910;12.32;0;0;277.69;ltr;false;false;false
207000;12.32;0;0;277.69;ltr;false;false;false
207810;-10.49;0;0;277.73;rtl;false;true;false
207900;-10.49;0;0;277.73;rtl;false;true;false
208710;-1.10;0;0;277.78;rtl;false;false;false
208800;-1.10;0;0;277.78;rtl;false;false;false
209610;10.48;0;0;277.82;ltr;false;true;false
209700;10.48;0;0;277.82;ltr;false;true;false
210510;14.65;0;0;277.81;ltr;false;false;false
210600;14.65;0;0;277.81;ltr;false;false;false
211410;14.36;0;0;277.80;ltr;false;false;false
211500;14.36;0;0;277.80;ltr;false;false;false
212310;-3.36;0;0;277.78;rtl;false;true;false
212400;-3.36;0;0;277.78;rtl;false;true;false
213210;-13.82;0;0;277.77;rtl;false;false;false
213300;-13.82;0;0;277.77;rtl;false;false;false
214110;-12.33;0;0;277.80;rtl;false;false;false
214200;-12.33;0;0;277.80;rtl;false;false;false
215010;-10.03;0;0;277.82;rtl;false;false;false
215100;-10.03;0;0;277.82;rtl;false;false;false
215910;-12.06;0;0;277.85;rtl;false;false;false
216000;-12.06;0;0;277.85;rtl;false;false;false
216810;-8.27;0;0;277.87;rtl;false;false;false
216900;-8.27;0;0;277.87;rtl;false;false;false
217710;1.57;0;0;277.80;ltr;false;true;false
217800;1.57;0;0;277.80;ltr;false;true;false
218610;-11.05;0;0;277.72;rtl;false;true;false
218700;-11.05;0;0;277.72;rtl;false;true;false
219510;-13.39;0;0;277.64;rtl;false;false;false
219600;-13.39;0;0;277.64;rtl;false;false;false
220410;-10.24;0;0;277.56;rtl;false;false;false
220500;-10.24;0;0;277.56;rtl;false;false;false
221310;11.58;0;0;277.41;ltr;false;true;false
221400;11.58;0;0;277.41;ltr;false;true;false
222210;-11.02;0;0;277.25;rtl;false;true;false
222300;-11.02;0;0;277.25;rtl;false;true;false
223110;8.58;0;0;277.09;ltr;false;true;false
223200;8.58;0;0;277.09;ltr;false;true;false
224010;6.21;0;0;276.94;ltr;false;false;false
224100;6.21;0;0;276.94;ltr;false;false;false
224910;0.53;0;0;276.87;ltr;false;false;false
225000;0.53;0;0;276.87;ltr;false;false;false
225810;0.11;0;0;276.81;ltr;false;false;false
225900;0.11;0;0;276.81;ltr;false;false;false
226710;-1.00;0;0;276.74;rtl;false;true;false
226800;-1.00;0;0;276.74;rtl;false;true;false
227610;0.00;0;0;276.68;rtl;false;false;true
227700;0.00;0;0;276.68;rtl;false;false;true
228510;0.00;0;0;276.63;rtl;false;false;true
228600;0.00;0;0;276.63;rtl;false;false;true
229410;0.00;0;0;276.58;rtl;false;false;true
229500;0.00;0;0;276.58;rtl;false;false;true
230310;-0.10;0;0;276.54;rtl;false;false;false
230400;-0.10;0;0;276.54;rtl;false;false;false
231210;-0.37;0;0;276.49;rtl;false;false;false
231300;-0.37;0;0;276.49;rtl;false;false;false
232110;-0.09;0;0;276.43;rtl;false;false;false
232200;-0.09;0;0;276.43;rtl;false;false;false
233010;-0.09;0;0;276.36;rtl;false;false;false
233100;-0.09;0;0;276.36;rtl;false;false;false
233910;-0.09;0;0;276.29;rtl;false;false;false
234000;-0.09;0;0;276.29;rtl;false;false;false
234810;-0.10;0;0;276.23;rtl;false;false;false
234900;-0.10;0;0;276.23;rtl;false;false;false
235710;0.75;0;0;276.19;ltr;false;true;false
235800;0.75;0;0;276.19;ltr;false;true;false
236610;2.12;0;0;276.15;ltr;false;false;false
236700;2.12;0;0;276.15;ltr;false;false;false
237510;0.06;0;0;276.11;ltr;false;false;false
237600;0.06;0;0;276.11;ltr;false;false;false
238410;0.00;0;0;276.07;ltr;false;false;true
238500;0.00;0;0;276.07;ltr;false;false;true
239310;0.00;0;0;276.07;ltr;false;false;true
239400;0.00;0;0;276.07;ltr;false;false;true
240210;0.00;0;0;276.08;ltr;false;false;true
240300;0.00;0;0;276.08;ltr;false;false;true
241110;0.10;0;0;276.09;ltr;false;false;false
241200;0.10;0;0;276.09;ltr;false;false;false
242010;0.49;0;0;276.10;ltr;false;false;false
242100;0.49;0;0;276.10;ltr;false;false;false
242910;0.36;0;0;276.13;ltr;false;false;false
243000;0.36;0;0;276.13;ltr;false;false;false
243810;0.60;0;0;276.16;ltr;false;false;false
243900;0.60;0;0;276.16;ltr;false;false;false
244710;0.40;0;0;276.19;ltr;false;false;false
244800;0.40;0;0;276.19;ltr;false;false;false
245610;0.40;0;0;276.23;ltr;false;false;false
245700;0.40;0;0;276.23;ltr;false;false;false
246510;0.39;0;0;276.27;ltr;false;false;false
246600;0.39;0;0;276.27;ltr;false;false;false
247410;0.59;0;0;276.31;ltr;false;false;false
247500;0.59;0;0;276.31;ltr;false;false;false
248310;2.09;0;0;276.35;ltr;false;false;false
248400;2.09;0;0;276.35;ltr;false;false;false
249210;1.46;0;0;276.39;ltr;false;false;false
249300;1.46;0;0;276.39;ltr;false;false;false
250110;0.89;0;0;276.52;ltr;false;false;false
250200;0.89;0;0;276.52;ltr;false;false;false
251010;1.55;0;0;276.65;ltr;false;false;false
251100;1.55;0;0;276.65;ltr;false;false;false
251910;1.80;0;0;276.78;ltr;false;false;false
252000;1.80;0;0;276.78;ltr;false;false;false
252810;-0.67;0;0;276.91;rtl;false;true;false
252900;-0.67;0;0;276.91;rtl;false;true;false
253710;2.93;0;0;276.90;ltr;false;true;false
253800;2.93;0;0;276.90;ltr;false;true;false
254610;3.72;0;0;276.90;ltr;false;false;false
254700;3.72;0;0;276.90;ltr;false;false;false
255510;3.66;0;0;276.89;ltr;false;false;false
255600;3.66;0;0;276.89;ltr;false;false;false
256410;3.60;0;0;276.89;ltr;false;false;false
256500;3.60;0;0;276.89;ltr;false;false;false
257310;3.89;0;0;276.94;ltr;false;false;false
257400;3.89;0;0;276.94;ltr;false;false;false
258210;6.48;0;0;276.99;ltr;false;false;false
258300;6.48;0;0;276.99;ltr;false;false;false
259110;6.30;0;0;277.04;ltr;false;false;false
259200;6.30;0;0;277.04;ltr;false;false;false
260010;5.87;0;0;277.09;ltr;false;false;false
260100;5.87;0;0;277.09;ltr;false;false;false
260910;3.37;0;0;277.11;ltr;false;false;false
261000;3.37;0;0;277.11;ltr;false;false;false
261810;5.60;0;0;277.12;ltr;false;false;false
261900;5.60;0;0;277.12;ltr;false;false;false
262710;7.23;0;0;277.13;ltr;false;false;false
262800;7.23;0;0;277.13;ltr;false;false;false
263610;7.96;0;0;277.15;ltr;false;false;false
263700;7.96;0;0;277.15;ltr;false;false;false
264510;8.10;0;0;277.08;ltr;false;false;false
264600;8.10;0;0;277.08;ltr;false;false;false
265410;3.24;0;0;277.02;ltr;false;false;false
265500;3.24;0;0;277.02;ltr;false;false;false
266310;6.12;0;0;276.95;ltr;false;false;false
266400;6.12;0;0;276.95;ltr;false;false;false
267210;4.29;0;0;276.89;ltr;false;false;false
267300;4.29;0;0;276.89;ltr;false;false;false
268110;3.78;0;0;276.90;ltr;false;false;false
268200;3.78;0;0;276.90;ltr;false;false;false
269010;5.82;0;0;276.92;ltr;false;false;false
269100;5.82;0;0;276.92;ltr;false;false;false
269910;6.92;0;0;276.94;ltr;false;false;false
270000;6.92;0;0;276.94;ltr;false;false;false
270810;6.92;0;0;276.96;ltr;false;false;false
270900;6.92;0;0;276.96;ltr;false;false;false
271710;5.98;0;0;276.94;ltr;false;false;false
271800;5.98;0;0;276.94;ltr;false;false;false
272610;-3.11;0;0;276.91;rtl;false;true;false
272700;-3.11;0;0;276.91;rtl;false;true;false
273510;-5.62;0;0;276.88;rtl;false;false;false
273600;-5.62;0;0;276.88;rtl;false;false;false
274410;0.17;0;0;276.86;ltr;false;true;false
274500;0.17;0;0;276.86;ltr;false;true;false
275310;11.21;0;0;276.86;ltr;false;false;false
275400;11.21;0;0;276.86;ltr;false;false;false
276210;10.29;0;0;276.87;ltr;false;false;false
276300;10.29;0;0;276.87;ltr;false;false;false
277110;-1.81;0;0;276.88;rtl;false;true;false
277200;-1.81;0;0;276.88;rtl;false;true;false
278010;2.36;0;0;276.89;ltr;false;true;false
278100;2.36;0;0;276.89;ltr;false;true;false
278910;2.37;0;0;276.58;ltr;false;false;false
279000;2.37;0;0;276.58;ltr;false;false;false
279810;-9.30;0;0;276.28;rtl;false;true;false
279900;-9.30;0;0;276.28;rtl;false;true;false
280710;-5.86;0;0;275.97;rtl;false;false;false
280800;-5.86;0;0;275.97;rtl;false;false;false
281610;1.98;0;0;275.67;ltr;false;true;false
281700;1.98;0;0;275.67;ltr;false;true;false
282510;2.28;0;0;275.87;ltr;false;false;false
282600;2.28;0;0;275.87;ltr;false;false;false
283410;7.34;0;0;276.07;ltr;false;false;false
283500;7.34;0;0;276.07;ltr;false;false;false
284310;4.93;0;0;276.27;ltr;false;false;false
284400;4.93;0;0;276.27;ltr;false;false;false
285210;0.61;0;0;276.46;ltr;false;false;false
285300;0.61;0;0;276.46;ltr;false;false;false
286110;3.92;0;0;276.53;ltr;false;false;false
286200;3.92;0;0;276.53;ltr;false;false;false
287010;-0.63;0;0;276.60;rtl;false;true;false
287100;-0.63;0;0;276.60;rtl;false;true;false
287910;4.22;0;0;276.66;ltr;false;true;false
288000;4.22;0;0;276.66;ltr;false;true;false
288810;2.98;0;0;276.73;ltr;false;false;false
288900;2.98;0;0;276.73;ltr;false;false;false
289710;-0.85;0;0;276.82;rtl;false;true;false
289800;-0.85;0;0;276.82;rtl;false;true;false
290610;3.06;0;0;276.91;ltr;false;true;false
290700;3.06;0;0;276.91;ltr;false;true;false
291510;1.64;0;0;277.00;ltr;false;false;false
291600;1.64;0;0;277.00;ltr;false;false;false
292410;-0.27;0;0;277.09;rtl;false;true;false
292500;-0.27;0;0;277.09;rtl;false;true;false
293310;2.95;0;0;277.24;ltr;false;true;false
293400;2.95;0;0;277.24;ltr;false;true;false
294210;2.64;0;0;277.38;ltr;false;false;false
294300;2.64;0;0;277.38;ltr;false;false;false
295110;3.34;0;0;277.52;ltr;false;false;false
295200;3.34;0;0;277.52;ltr;false;false;false
296010;4.53;0;0;277.67;ltr;false;false;false
296100;4.53;0;0;277.67;ltr;false;false;false
296910;2.95;0;0;277.65;ltr;false;false;false
297000;2.95;0;0;277.65;ltr;false;false;false
297810;3.14;0;0;277.64;ltr;false;false;false
297900;3.14;0;0;277.64;ltr;false;false;false
298710;-0.37;0;0;277.63;rtl;false;true;false
298800;-0.37;0;0;277.63;rtl;false;true;false
299610;5.35;0;0;277.61;ltr;false;true;false
299700;5.35;0;0;277.61;ltr;false;true;false
300510;4.40;0;0;277.62;ltr;false;false;false
300600;4.40;0;0;277.62;ltr;false;false;false
301410;3.94;0;0;277.63;ltr;false;false;false
301500;3.94;0;0;277.63;ltr;false;false;false
302310;5.66;0;0;277.63;ltr;false;false;false
302400;5.66;0;0;277.63;ltr;false;false;false
303210;5.50;0;0;277.64;ltr;false;false;false
303300;5.50;0;0;277.64;ltr;false;false;false
304110;4.41;0;0;277.67;ltr;false;false;false
304200;4.41;0;0;277.67;ltr;false;false;false
305010;2.59;0;0;277.70;ltr;false;false;false
305100;2.59;0;0;277.70;ltr;false;false;false
305910;3.75;0;0;277.74;ltr;false;false;false
306000;3.75;0;0;277.74;ltr;false;false;false
306810;4.96;0;0;277.77;ltr;false;false;false
306900;4.96;0;0;277.77;ltr;false;false;false
307710;6.35;0;0;277.72;ltr;false;false;false
307800;6.35;0;0;277.72;ltr;false;false;false
308610;7.17;0;0;277.67;ltr;false;false;false
308700;7.17;0;0;277.67;ltr;false;false;false
309510;6.86;0;0;277.61;ltr;false;false;false
309600;6.86;0;0;277.61;ltr;false;false;false
310410;6.08;0;0;277.56;ltr;false;false;false
310500;6.08;0;0;277.56;ltr;false;false;false
311310;4.44;0;0;277.52;ltr;false;false;false
311400;4.44;0;0;277.52;ltr;false;false;false
312210;5.48;0;0;277.48;ltr;false;false;false
312300;5.48;0;0;277.48;ltr;false;false;false
313110;4.95;0;0;277.45;ltr;false;false;false
313200;4.95;0;0;277.45;ltr;false;false;false
314010;5.18;0;0;277.41;ltr;false;false;false
314100;5.18;0;0;277.41;ltr;false;false;false
314910;6.16;0;0;277.37;ltr;false;false;false
315000;6.16;0;0;277.37;ltr;false;false;false
315810;3.66;0;0;277.34;ltr;false;false;false
315900;3.66;0;0;277.34;ltr;false;false;false
316710;3.38;0;0;277.31;ltr;false;false;false
316800;3.38;0;0;277.31;ltr;false;false;false
317610;5.22;0;0;277.28;ltr;false;false;false
317700;5.22;0;0;277.28;ltr;false;false;false
318510;5.43;0;0;277.27;ltr;false;false;false
318600;5.43;0;0;277.27;ltr;false;false;false
319410;-2.22;0;0;277.26;rtl;false;true;false
319500;-2.22;0;0;277.26;rtl;false;true;false
320310;7.73;0;0;277.26;ltr;false;true;false
320400;7.73;0;0;277.26;ltr;false;true;false
321210;0.94;0;0;277.25;ltr;false;false;false
321300;0.94;0;0;277.25;ltr;false;false;false
322110;5.94;0;0;277.18;ltr;false;false;false
322200;5.94;0;0;277.18;ltr;false;false;false
323010;5.99;0;0;277.11;ltr;false;false;false
323100;5.99;0;0;277.11;ltr;false;false;false
323910;6.20;0;0;277.03;ltr;false;false;false
324000;6.20;0;0;277.03;ltr;false;false;false
324810;4.31;0;0;276.96;ltr;false;false;false
324900;4.31;0;0;276.96;ltr;false;false;false
325710;5.50;0;0;276.88;ltr;false;false;false
325800;5.50;0;0;276.88;ltr;false;false;false
326610;3.18;0;0;276.81;ltr;false;false;false
326700;3.18;0;0;276.81;ltr;false;false;false
327510;2.19;0;0;276.73;ltr;false;false;false
327600;2.19;0;0;276.73;ltr;false;false;false
328410;-0.38;0;0;276.65;rtl;false;true;false
328500;-0.38;0;0;276.65;rtl;false;true;false
329310;-2.76;0;0;276.59;rtl;false;false;false
329400;-2.76;0;0;276.59;rtl;false;false;false
330210;-4.02;0;0;276.53;rtl;false;false;false
330300;-4.02;0;0;276.53;rtl;false;false;false
331110;-1.60;0;0;276.47;rtl;false;false;false
331200;-1.60;0;0;276.47;rtl;false;false;false
332010;0.41;0;0;276.41;ltr;false;true;false
332100;0.41;0;0;276.41;ltr;false;true;false
332910;0.39;0;0;276.52;ltr;false;false;false
333000;0.39;0;0;276.52;ltr;false;false;false
333810;-2.20;0;0;276.62;rtl;false;true;false
333900;-2.20;0;0;276.62;rtl;false;true;false
334710;0.57;0;0;276.73;ltr;false;true;false
334800;0.57;0;0;276.73;ltr;false;true;false
335610;-0.60;0;0;276.83;rtl;false;true;false
335700;-0.60;0;0;276.83;rtl;false;true;false
336510;1.66;0;0;276.77;ltr;false;true;false
336600;1.66;0;0;276.77;ltr;false;true;false
337410;5.38;0;0;276.71;ltr;false;false;false
337500;5.38;0;0;276.71;ltr;false;false;false
338310;-4.95;0;0;276.66;rtl;false;true;false
338400;-4.95;0;0;276.66;rtl;false;true;false
339210;-5.37;0;0;276.60;rtl;false;false;false
339300;-5.37;0;0;276.60;rtl;false;false;false
340110;4.09;0;0;276.56;ltr;false;true;false
340200;4.09;0;0;276.56;ltr;false;true;false
341010;-4.56;0;0;276.53;rtl;false;true;false
341100;-4.56;0;0;276.53;rtl;false;true;false
341910;-5.24;0;0;276.50;rtl;false;false;false
342000;-5.24;0;0;276.50;rtl;false;false;false
